时间,标题,描述,链接,转发内容,发布人,attitude,images,reposts_count,comments_count,sort,industry,related_words,site_name,area
2021/3/18 23:57,//@正义援助66866: 控告 关注@正义援助66866 置顶，请正义之士帮助讨回百世快递-大连开发区七部恶意拖欠艰难抚养两个弱小女儿的单亲妈妈8个月8万多活命钱！@正义网 @中国妇女报 @物流时代杂志 @百世快运@快递杂志@百世快递 @中国邮政快递报 @大连晚报 @新闻大连 @百世官微 @国家邮政局 @快递杂志,,http://weibo.com/6119144976/K6OIx3iqd,@正义援助66866 控告！百世快递-百世快递开发区七部-大连世强物流有限公司恶意拖欠艰难抚养两个女儿（一个上幼儿园，一个上小学）的单亲妈妈养家糊口的8个月8万多“活命钱”！残忍至极！现孤儿寡母“乞讨”无法生活了，请有关部门立即查处，请正义之士帮助讨回公道！ @百世快递 @中国邮政快递报 @大连晚报 @新闻大连 @百世官微 @凤凰网 @国家邮政局 @快递杂志 http://t.cn/RJyjtcN,腐底揪心,敏感,http://wx4.sinaimg.cn/thumbnail/008fhkM3ly1gnce0lzl4gj30u08kw7wj.jpg,1,0,转发,政务,百世快运,新浪微博,广东
2021/3/18 23:55,"（2020）粤0306财保1207号其他公告 （[真量技术有限公司, 深圳优速物流信息科技有限公司]）","（2020）粤0306财保1207号其他公告 （[真量技术有限公司, 深圳优速物流信息科技有限公司]） （2020）粤0306财保1207号其他公告 （[真量技术有限公司, 深圳优速物流信息科技有限公司]）",https://www.bafy.gov.cn/web/content?gid=69324&lmdm=1008,,,敏感,,,,,政务,优速,深圳市宝安区人民法院,广东
2021/3/18 23:53,无锡到鸡西物流公司――【恒诺货物运输】,这些看不见、摸不着的隐性知识是物流信息化利用信息技术无法收集的。（4）即时物流类：。热门行业及主流玩家包括：（1）物流快递类：顺丰、申通、、韵达、汇通、中通、天天快递、优速快递等；（2）电商物流类：苏宁物流、菜鸟、物流等；（3）跨境物流类：、海带宝、转运四方、风行全球送、快鸟转运、天马迅达快递等；（4）即时物流类：。,http://house.hainan.net/inews/401282-810236786.shtml,,,非敏感,,,,,房产,优速,海南在线,海南
2021/3/18 23:50,什么靠谱呢？,,https://www.toutiao.com/i1694558648136716/,破衣乞丐：这两天在58同城上找工作，看见一知名物流企业（安能物流）招聘搬运工的招聘信息；便投了简历，招聘人员一再热情邀约过去面谈；今天应邀前往几十公里外该公司的物流分拣中心进行面谈了解相关具体待遇； 骑了两个多小时的车到达后，该名联系人提示我先（里面立的一张招聘广告）扫码，然后要求我先在手机上填,,非敏感,,,,评论,,安能物流,今日头条,
2021/3/18 23:50,大理石莲花花盆,例如高2米以下的不锈钢花盆景观雕塑，不含税的价格为2万左右。接下来就是正式开始不锈钢花盆景观雕塑的雕刻流程。完工时间一般为一个月左右。为了确保不锈钢花盆景观雕塑完整到达客户那里，经常使用有包装。不锈钢花盆景观雕塑是不锈钢雕塑的一类我们推荐您选用安能物流进行运输。2米以下的不锈钢花盆景观雕塑比较小，只需要按照我厂给的安装文档，自己就可以安装。,http://www.nntv.cn/inews/YTkbNjU-44-28446093.shtml,,,非敏感,,,,,其他,安能物流,老友网,广西
2021/3/18 23:49,不锈钢抽象镂空剪纸雕塑,例如高5米的不锈钢剪纸雕塑，价格是10000左右。接下来就是正式开始不锈钢剪纸雕塑的雕刻流程。工期基本要20天左右。不锈钢剪纸雕塑加工好后，从安全角度着想，我们通常采用需要定制进行包装。综合价格和安全我厂使用安能物流。5米的不锈钢剪纸雕塑比较容易安装，只需要根据我们给的安装视频，可以自己安装。不锈钢剪纸雕塑由于造型好看，所以受到顾客喜欢。不锈钢剪纸雕塑属于不锈钢雕塑的一种。,http://www.nntv.cn/inews/1/2453641.html,,,非敏感,,,,,其他,安能物流,老友网,广西
2021/3/18 23:48,铜雕音乐家安庆哪能订制,然后就是正式开始音乐人物铜雕塑的制作。制作时间一般为一周左右。雕塑加工好后，我公司在发货前，采用有半成品包装，保证音乐人物铜雕塑安全运到您的手中。音乐人物铜雕塑属于铜雕的一种综合价格和安全我公司安能物流。2米的音乐人物铜雕塑比较容易安装，只需要依照我厂给的安装视频，可以自己安装。,http://www.nntv.cn/inews/MmMzODU/1/2453640.shtml,,,非敏感,,,,,其他,安能物流,老友网,广西
2021/3/18 23:48,大型不锈钢飞机雕塑报价表,会按照终图纸给出合理的报价。例如高2米以下的不锈钢金属飞机雕塑，价格是5万左右。遵照确定好的图纸，首先选购少杂质的石材。为了确保不锈钢金属飞机雕塑的安全，一般会用有包装。综合价格和安全我们推荐使用安能物流。2米以下的不锈钢金属飞机雕塑非常好安装只需要遵照我们提供的安装视频，可以自己安装。 从中雅雕塑雕塑销售中心成立之初，就立志成为不锈钢雕塑行业的引领者。,http://www.nntv.cn/inews/MmMzODU/1/2453639.shtml,,,非敏感,,,,,其他,安能物流,老友网,广西
2021/3/18 23:37,荷叶荷花室外落地摆件,灵鑫雕塑会按照终图纸计算出合适的价格。例如高6米的荷花，价格大概为10000左右。紧接着就是正式开始荷花的制作。工期差不多要一周左右。雕塑生产完工后，我厂在发货前，采用需要定制包装，确保荷花安全运到您的手中。荷花是一种常见的雕塑综合价格和安全灵鑫雕塑使用安能物流。6米的荷花不容易安装，安装时吊车及费用，由雇主承担。安装费也是甲方负责。 因为专注，所以专业；因为专业，所以完美。,http://www.nntv.cn/inews/cgeedac-44-28445134.html,,,非敏感,,,,,其他,安能物流,老友网,广西
2021/3/18 23:34,广场不锈钢抽象人物景观雕塑销售价格,推荐您选用安能物流进行运输。8米的抽象人物不锈钢雕塑由专业人员安装，安装时吊车及费用，由客户负责。安装费也是甲方负责。 广场不锈钢抽象人物景观雕塑销售价格 抽象人物不锈钢雕塑由于比较好看，因此受到人们喜欢。抽象人物不锈钢雕塑属于不锈钢雕塑的一种。在承接抽象人物不锈钢雕塑之前，先明确终设计图。当客户想进一步深化设计图，会可以免费推荐设计公司。厂会根据终图纸给出报价。例如高3米的抽象人物不锈钢,http://www.nntv.cn/inews/acbdbgc-1-2453553.html,,,非敏感,,,,,其他,安能物流,老友网,广西
2021/3/18 23:34,公园镜面海豚雕塑平均价格,接下来就是正式开始海豚的制作。加工时间基本要半个月左右。为了确保海豚的整体安全，灵鑫雕塑一般使用有半成品包装。我们推荐您选用安能物流进行运输。2米以下的海豚比较容易安装，只需要根据我公司给的安装视频。海豚由于造型好看自己就可以安装。,http://www.nntv.cn/inews/c644d-1154428445008.html,,,非敏感,,,,,其他,安能物流,老友网,广西
2021/3/18 23:34,上海不锈钢烤漆建文化雕塑信息推荐,综合价格和安全我们推荐使用安能物流。6米的不锈钢建雕塑非常好安装只需要依照我厂给的安装视频，可以自己安装。 恒枫源雕塑厂家是集规划、设计、销售、制作、安装于一体的大型中外合资雕塑企业，专注于不锈钢雕塑、室内雕塑等景观艺术产品。具有城市雕塑创作设计资质，自营出口权。雕塑主要出口、中东等市场。,http://www.nntv.cn/inews/bedgafa-1-2453546.shtml,,,非敏感,,,,,其他,安能物流,老友网,广西
2021/3/18 23:30,我要投诉@安能物流货品丢失，快递态度恶劣 分享自@黑猫投诉 http://t.cn/A6tBdhxY,,http://weibo.com/3312991667/K6OxAxSNk,,我的伴娘是情敌i,敏感,http://wx3.sinaimg.cn/thumbnail/c5783db3ly1gooh8o02yuj20sg0sgjs0.jpg,0,0,原创,政务,安能物流,新浪微博,海外
2021/3/18 23:27,的确是，都是骗子的网站，没有一个是真的,,https://www.toutiao.com/i1694558648136716/,破衣乞丐：这两天在58同城上找工作，看见一知名物流企业（安能物流）招聘搬运工的招聘信息；便投了简历，招聘人员一再热情邀约过去面谈；今天应邀前往几十公里外该公司的物流分拣中心进行面谈了解相关具体待遇； 骑了两个多小时的车到达后，该名联系人提示我先（里面立的一张招聘广告）扫码，然后要求我先在手机上填,,非敏感,,,,评论,,安能物流,今日头条,
2021/3/18 23:26,【罗戈网】顺丰，到底有多优秀？！,营收规模及业务增速在零担快运主流玩家中均排名第一。顺丰快运所在的零担行业是万亿级的大市场，目前还处于规模化以及行业加速整合期，集中度当前仍较低，但随着双循环发展格局的推进，产业结构及消费不断升级，未来具备很大的市场发展和整合潜力，龙头公司将呈现集中度加速提升的路径。顺丰的快运业务采用的是“双品牌”策略，顺丰快运定位高时效、高质量及高服务体验的中高端市场，“顺心捷达”专注全网,http://www.logclub.com/articleInfo/MzMxOTk=?uid=226433&stamp=1616135953720,,,非敏感,,,,,其他,顺心捷达,罗戈网,广东
2021/3/18 23:18,顺丰控股:2021年3月18日投资者关系活动记录表,使得公司在电商件市场份额有所提升。整个市场规模很大，客户也越加关注履约率和履约成本，顺丰通过数字化能力、以及不同价格带的产品分层来满足客户需求。电商流量也趋于分散化，很多新渠道崛起，顺丰以独立第三方的身份，更有利于帮助客户在不同渠道的运营，促进客户增值。所以我们在起步阶段，还有很大潜力。 3、快运业务：收入同比增长 46.3%。顺丰快运和顺心捷达双网络，已做到零担领域货量最大且增速最快，,http://mguba.eastmoney.com/mguba/article/0/1014991095,,,非敏感,,,,,其他,顺心捷达,股吧,上海
2021/3/18 23:18,[顺丰控股吧]顺丰控股:2021年3月18日投资者关系活动记录表,使得公司在电商件市场份额有所提升。整个市场规模很大，客户也越加关注履约率和履约成本，顺丰通过数字化能力、以及不同价格带的产品分层来满足客户需求。电商流量也趋于分散化，很多新渠道崛起，顺丰以独立第三方的身份，更有利于帮助客户在不同渠道的运营，促进客户增值。所以我们在起步阶段，还有很大潜力。3、快运业务：收入同比增长 46.3%。顺丰快运和顺心捷达双网络，,"http://guba.eastmoney.com/news,gssz,1014991095.html",,,非敏感,,,,,金融,顺心捷达,股吧,上海
2021/3/18 23:16,海豚不锈钢雕塑定制厂家,认为：每件不锈钢海豚抽象雕塑都具有特别的意义。在制作不锈钢海豚抽象雕塑之前，首先要敲定的雕塑图片。顾主可能选取这份石雕图纸。不锈钢海豚抽象雕塑是一种常见的雕塑我们厂会按照终图纸计算出合适的价格。例如高2米以下的不锈钢海豚抽象雕塑综合价格和安全我厂安能物流。2米以下的不锈钢海豚抽象雕塑非常好安装只需要依照我们发给您的安装视频，可以自己安装。价格是5000以下。,http://www.nntv.cn/inews/jdibeef-1-2453463.shtml,,,非敏感,,,,,其他,安能物流,老友网,广西
2021/3/18 23:16,座椅景观铜雕定制价格,若是客户要求进一步深化设计图，厂免费推荐雕塑设计师。我们厂会依据图纸给出报价。例如高1.8米的铜雕座椅，价格大概为5万左右。然后就是正式开始铜雕座椅制作流程。全部完工差不多要一个月左右。雕塑制作完成后，在发货以前，采用要维修包装，确保雕塑安全运到您的手中。综合价格和安全我公司使用安能物流。,http://www.nntv.cn/inews/wap/nnxw/44/28443779.shtml,,,非敏感,,,,,其他,安能物流,老友网,广西
2021/3/18 23:15,正规滑板车国际海运服务,关于“电动车怎么托运*便宜，2019安能物流托运收费标准”以上内容已经给大家详细介绍清楚了，希望可以给大家帮助!在国际快递的运输当中，带电产品属于敏感类物品，由于电池可燃，而且容易泄漏，所以大部分的航空公司都把带电产品列为危险品禁止空运。但是在国际运输当中，就无法邮寄带电产品了吗？,http://www.kbcmw.com/kbnews/item/xinxi-503290411.html,,,非敏感,,,,,旅游,安能物流,康巴传媒网,四川
2021/3/18 23:14,丽江品牌童装店批发货源,米拉壹米粒金果果武林宾团田果果乐果果大头儿子小头爸爸小猪佩奇彩色笔韩尚糖糖安黎小镇早安花园森么洛小米幼米咪欧家芭巴芭瑞德牌等等，汽油味及其他有毒的气味，得使用可分解的有毒芳香胺染料，可致癌的染料和可能引起过敏感染的染料，服中的甲醛，可提取的重金属含量，浸出液PH值。应有霉味应有经过有氧漂白处理和防霉防燃整理色牢度及杀虫剂的残留量都应符合直接接触皮肤的环保标准。上万个款式，每件衣服都保留原厂的领标,http://www.nntv.cn/inews/dciefab-bzscefdefh.html,,,非敏感,,,,,其他,壹米,老友网,广西
2021/3/18 23:14,快递江湖最大黑马杀入，日单两千万，成京东顺丰最大威胁,如果说刚开始的极兔只能达到三流水平，但有了拼多多的极兔，则确实有冲击成为国内快递前三的底气。在快递界的四大势力之外，天天、百世、全峰，包括优速等无资本无背景无流量的“二流快递企业”，估计难逃出局的命运。,http://mp.weixin.qq.com/s?__biz=Mzg3MzAwMTI0OA==&mid=2247519838&idx=3&sn=19eeb8dc6e12486283719fa3dc5f0af2&scene=0,,,中性,,,,,其他,优速,微信,广东
2021/3/18 23:14,仿铜花盆广场景观园林庭院摆件,综合价格和安全使用安能物流。不锈钢花盆景观雕塑属于不锈钢雕塑的一种6米的不锈钢花盆景观雕塑安装时，我成会派人安装，安装时吊车及费用，由需方负责。安装费也是甲方负责。 装饰性园林雕塑和主题性园林雕塑等。实用性园林雕塑主要指在园林中有实际应用效果的雕塑类别，包括风水球，长廊，凉亭，石桌椅，花盆，喷泉等等。,http://www.nntv.cn/inews/2021/nnxw_1/2453450.html,,,非敏感,,,,,其他,安能物流,老友网,广西
2021/3/18 23:13,几何鹿雕塑关键词,综合价格和安全安能物流。10米及以上的不锈钢几何鹿不容易安装，安装时吊车及费用，由雇主承担。安装费免费。 中雅雕塑园林雕塑工程有限公司产品适用于广场、公园、小区、楼盘、校园、庭院、风景区、酒店景观、楼盘景观、园林景观、企业标志等景观雕塑工程。拥有业务中心、制作加工基地多位一体的立体格局。“诚信 勤奋 追求 进步”是树林工艺的企业理念。,http://www.nntv.cn/inews/wap/nnxw/1/2453449.shtml,,,非敏感,,,,,其他,安能物流,老友网,广西
2021/3/18 23:10,2020年建筑承包合同书最新3篇,一、承包面积：甲方将座落在府城镇高登里二横128号对面三层混凝土框架房屋，筑墙、内外筑水泥砂浆给乙方承包，一层建筑面积为110平方米，二层建筑面积为130平方米，三层为130平方米。二、承包价格：经双方同意以建筑面积每平方米90元施工，包括屋顶筑墙壹米高，内外筑水泥砂浆，包住水泥柱壹米。,http://www.xspic.com/fwn/chengbaohetong/3304518.htm,,,非敏感,,,,,其他,壹米,象山新奇广告材料经营部,浙江
2021/3/18 23:10,[梧桐湖新区吧]梧桐湖有放快递的地方吗,[梧桐湖新区吧]梧桐湖有放快递的地方吗 大陇村有菜鸟，就是凤凰苑那个华莱士对面。圆通百世优速速尔等都在那，韵达和中通和顺丰在旁边，也就100米左右 收货地址写的梧桐湖新区，这边去哪拿快递，不会去其他地方拿快递吧,https://tieba.baidu.com/p/7266220310?pid=138385827993#138385827993,收货地址写的梧桐湖新区，这边去哪拿快递，不会去其他地方拿快递吧,,非敏感,,,,转发,其他,优速,百度贴吧,北京
2021/3/18 23:09,招工.求职.各种信息，河北便民信息20210318期,18265588878微信同号百世快运聘 客服数名，工作简单，早上8点30上班，午晚上7点下班，有工作经验者优先，地址东方明珠南行300米路西。,http://mp.weixin.qq.com/s?src=11&timestamp=1616080565&ver=2954&signature=RbTe7sX0Lmuzo52hjD49qpXDTC2w*62pL2W4BDzkAPuOj9kU8WilRrCEoov8-ZjQ56Z*AXf0OrjYetij0r*taX9jHEYFQgIjZsrfmiT2bFxNXnJ3VtZdg4WGlVorQcNI&new=1,,,非敏感,,,,,政务,百世快运,微信,广东
2021/3/18 23:09,控告百世快递 关注@正义援助66866 置顶，请有关部门严惩百世快递大连开发区七部恶意拖欠艰难抚养两个弱小女儿的单亲妈妈8个月8万多活命钱！@正义网 @中国妇女报 @物流时代杂志 @百世快运@快递杂志@百世快递 @中国邮政快递报 @大连晚报 @新闻大连 @百世官微 @国家邮政局 @快递杂志 @央视网快看,,http://weibo.com/7560037357/K6OoThBAQ,@国家邮政局 #快递春节大作战# 【#追时间的人#】“我的付出是为了家人过的更殷实”！这首歌献给所有快递小哥。又逢新春，快递员们接受春节不打烊的任务坚守在一线。大年初一，当人们都在准备过节的时候，他们人在派件。不能家人团聚的他们，却有了新的过年方式……工作的艰辛、生活的困难都不能将他们打败，因为理解所以温暖，因为留守是为了更好的团聚。#春节168小时# http://t.cn/A6tyCBa7,恒星大法台,敏感,,0,0,转发,司法,百世快运,新浪微博,北京
2021/3/18 23:08,控告百世快递！！ 关注@正义援助66866 置顶，请有关部门严惩百世快递大连开发区七部恶意拖欠艰难抚养两个弱小女儿的单亲妈妈8个月8万多活命钱！@正义网 @中国妇女报 @物流时代杂志 @百世快运@快递杂志@百世快递 @中国邮政快递报 @大连晚报 @新闻大连 @百世官微 @国家邮政局 @快递杂志 @央视网快看,,http://weibo.com/7560037357/K6OoKF5em,@国家邮政局 #快递春节大作战# 【#追时间的人#】“我的付出是为了家人过的更殷实”！这首歌献给所有快递小哥。又逢新春，快递员们接受春节不打烊的任务坚守在一线。大年初一，当人们都在准备过节的时候，他们人在派件。不能家人团聚的他们，却有了新的过年方式……工作的艰辛、生活的困难都不能将他们打败，因为理解所以温暖，因为留守是为了更好的团聚。#春节168小时# http://t.cn/A6tyCBa7,恒星大法台,敏感,,1,0,转发,司法,百世快运,新浪微博,北京
2021/3/18 23:08,控告百世快递 关注@正义援助66866 置顶，请有关部门严惩百世快递大连开发区七部恶意拖欠艰难抚养两个弱小女儿的单亲妈妈8个月8万多活命钱！@正义网 @中国妇女报 @物流时代杂志 @百世快运@快递杂志@百世快递 @中国邮政快递报 @大连晚报 @新闻大连 @百世官微 @国家邮政局 @快递杂志 @央视网快看,,http://weibo.com/7560037357/K6OoxqGAV,@人民日报 【樱花见证！#比大拇哥的援鄂医护回武汉赏樱#】2020年春天，安徽援鄂医疗队队员周国红奔赴武汉，用生命守护生命；2021年的春天，她再次来到武汉，参加武汉大学举办的援鄂抗疫医护人员赏樱专场。又是一天春来到，#她的笑容连接了两个春天#。,恒星大法台,敏感,http://wx1.sinaimg.cn/thumbnail/0033ImPzly1gokuyh7pp2j60oz10znfe02.jpg,0,0,转发,政务 司法,百世快运,新浪微博,北京
2021/3/18 23:08,控告百世快递！ 关注@正义援助66866 置顶，请有关部门严惩百世快递大连开发区七部恶意拖欠艰难抚养两个弱小女儿的单亲妈妈8个月8万多活命钱！@正义网 @中国妇女报 @物流时代杂志 @百世快运@快递杂志@百世快递 @中国邮政快递报 @大连晚报 @新闻大连 @百世官微 @国家邮政局 @快递杂志 @央视网快看,,http://weibo.com/7560037357/K6OoruWSL,@人民日报 【樱花见证！#比大拇哥的援鄂医护回武汉赏樱#】2020年春天，安徽援鄂医疗队队员周国红奔赴武汉，用生命守护生命；2021年的春天，她再次来到武汉，参加武汉大学举办的援鄂抗疫医护人员赏樱专场。又是一天春来到，#她的笑容连接了两个春天#。,恒星大法台,敏感,http://wx1.sinaimg.cn/thumbnail/0033ImPzly1gokuyh7pp2j60oz10znfe02.jpg,0,0,转发,政务 司法,百世快运,新浪微博,北京
2021/3/18 23:07,58就是坑,,https://www.toutiao.com/i1694558648136716/,破衣乞丐：这两天在58同城上找工作，看见一知名物流企业（安能物流）招聘搬运工的招聘信息；便投了简历，招聘人员一再热情邀约过去面谈；今天应邀前往几十公里外该公司的物流分拣中心进行面谈了解相关具体待遇； 骑了两个多小时的车到达后，该名联系人提示我先（里面立的一张招聘广告）扫码，然后要求我先在手机上填,,非敏感,,,,评论,,安能物流,今日头条,
2021/3/18 23:07,控告百世快递 关注@正义援助66866 置顶，请有关部门严惩百世快递大连开发区七部恶意拖欠艰难抚养两个弱小女儿的单亲妈妈8个月8万多活命钱！@正义网 @中国妇女报 @物流时代杂志 @百世快运@快递杂志@百世快递 @中国邮政快递报 @大连晚报 @新闻大连 @百世官微 @国家邮政局 @快递杂志 @央视网快看,,http://weibo.com/7560037357/K6OojwdZN,@微博交通 [2021]就地过年 快递不打烊微博联合@国家邮政局 共同发起#快递春节大作战#活动6家快递机构参与 多次强势登陆微博热搜榜！更多亮点，戳图了解~关注@微博交通 转发微博，更有机会获得@中通快递 @顺丰集团 @圆通速递 @百世快递 提供的周边礼品~（3月5日开奖，共10份） http://t.cn/A6tXRCbF,恒星大法台,敏感,http://wx1.sinaimg.cn/thumbnail/006w2Sjtly1go12b6332rj30ku672x6r.jpg,0,0,转发,司法 政务,百世快运,新浪微博,北京
2021/3/18 23:07,控告百世快递！ 关注@正义援助66866 置顶，请有关部门严惩百世快递大连开发区七部恶意拖欠艰难抚养两个弱小女儿的单亲妈妈8个月8万多活命钱！@正义网 @中国妇女报 @物流时代杂志 @百世快运@快递杂志@百世快递 @中国邮政快递报 @大连晚报 @新闻大连 @百世官微 @国家邮政局 @快递杂志 @央视网快看,,http://weibo.com/7560037357/K6Oo47aFM,@百世快运#曹操旧衣回收计划#第二季火热进行中！和@百世快运@曹操出行一起，将旧衣捐给流浪基地的小动物，让他们温暖过冬。参与请点击>>http://t.cn/A6q14fYE 。在此，快运呼吁大家科学养宠，以领养代替购买，不离不弃。转发本条微博，并@ 一位好友，1月20日抽一位温暖大使，送100元曹操充值卡。快转发起来吧，给自己一次好运的机会，给毛孩子们一个温暖的冬天。@重庆浙商爱心基金会 @重庆小动物保护协会 @杭州流浪动物救助基地 @微博抽奖平台 http://t.cn/A65L4oRd,恒星大法台,敏感,"http://wx3.sinaimg.cn/bmiddle/0066JrSlly1gme3i6i640j30u01hc4g8.jpg,http://wx4.sinaimg.cn/bmiddle/0066JrSlly1gme3i6h4iij30u01hcwua.jpg,http://wx3.sinaimg.cn/bmiddle/0066JrSlly1gme3i6f7jrj30u01hc17i.jpg,http://wx4.sinaimg.cn/bmiddle/0066JrSlly1gme3i6foyqj30u01hcasl.jpg,http://wx3.sinaimg.cn/bmiddle/0066JrSlly1gme3i97kecj30mi0u04ae.jpg,http://wx3.sinaimg.cn/bmiddle/0066JrSlly1gme3ictp4kj30u01hcto3.jpg,http://wx1.sinaimg.cn/bmiddle/0066JrSlly1gme3icu1yhj30u01hcdw7.jpg,http://wx1.sinaimg.cn/bmiddle/0066JrSlly1gme3id2qo9j30u01hcql6.jpg,http://wx4.sinaimg.cn/bmiddle/0066JrSlly1gme3icy7gqj30u01hch0u.jpg",0,0,转发,司法,百世快运,新浪微博,北京
2021/3/18 23:06,控告百世快递 关注@正义援助66866 置顶，请有关部门严惩百世快递大连开发区七部恶意拖欠艰难抚养两个弱小女儿的单亲妈妈8个月8万多活命钱！@正义网 @中国妇女报 @物流时代杂志 @百世快运@快递杂志@百世快递 @中国邮政快递报 @大连晚报 @新闻大连 @百世官微 @国家邮政局 @快递杂志 @央视网快看,,http://weibo.com/5596286925/JE1NO289z,百世快运：恭喜@一粒尘沙3210768622 1名用户获得【曹操充值卡】。微博官方唯一抽奖工具@微博抽奖平台 对本次抽奖进行监督，结果公正有效。公示链接：http://t.cn/A65Lbldj,,非敏感,,,,评论,,百世快运,新浪微博,
2021/3/18 23:06,控告百世快递 关注@正义援助66866 置顶，请有关部门严惩百世快递大连开发区七部恶意拖欠艰难抚养两个弱小女儿的单亲妈妈8个月8万多活命钱！@正义网 @中国妇女报 @物流时代杂志 @百世快运@快递杂志@百世快递 @中国邮政快递报 @大连晚报 @新闻大连 @百世官微 @国家邮政局 @快递杂志 @央视网快看,,http://weibo.com/7560037357/K6OnWsfp3,@百世快运#曹操旧衣回收计划#第二季火热进行中！和@百世快运@曹操出行一起，将旧衣捐给流浪基地的小动物，让他们温暖过冬。参与请点击>>http://t.cn/A6q14fYE 。在此，快运呼吁大家科学养宠，以领养代替购买，不离不弃。转发本条微博，并@ 一位好友，1月20日抽一位温暖大使，送100元曹操充值卡。快转发起来吧，给自己一次好运的机会，给毛孩子们一个温暖的冬天。@重庆浙商爱心基金会 @重庆小动物保护协会 @杭州流浪动物救助基地 @微博抽奖平台 http://t.cn/A65L4oRd,恒星大法台,敏感,"http://wx3.sinaimg.cn/bmiddle/0066JrSlly1gme3i6i640j30u01hc4g8.jpg,http://wx4.sinaimg.cn/bmiddle/0066JrSlly1gme3i6h4iij30u01hcwua.jpg,http://wx3.sinaimg.cn/bmiddle/0066JrSlly1gme3i6f7jrj30u01hc17i.jpg,http://wx4.sinaimg.cn/bmiddle/0066JrSlly1gme3i6foyqj30u01hcasl.jpg,http://wx3.sinaimg.cn/bmiddle/0066JrSlly1gme3i97kecj30mi0u04ae.jpg,http://wx3.sinaimg.cn/bmiddle/0066JrSlly1gme3ictp4kj30u01hcto3.jpg,http://wx1.sinaimg.cn/bmiddle/0066JrSlly1gme3icu1yhj30u01hcdw7.jpg,http://wx1.sinaimg.cn/bmiddle/0066JrSlly1gme3id2qo9j30u01hcql6.jpg,http://wx4.sinaimg.cn/bmiddle/0066JrSlly1gme3icy7gqj30u01hch0u.jpg",0,0,转发,司法,百世快运,新浪微博,北京
2021/3/18 23:06,控告百世快递！ 关注@正义援助66866 置顶，请有关部门严惩百世快递大连开发区七部恶意拖欠艰难抚养两个弱小女儿的单亲妈妈8个月8万多活命钱！@正义网 @中国妇女报 @物流时代杂志 @百世快运@快递杂志@百世快递 @中国邮政快递报 @大连晚报 @新闻大连 @百世官微 @国家邮政局 @快递杂志 @央视网快看,,http://weibo.com/7560037357/K6OnOaQpN,@百世快运#春节# 愿新年，胜旧年！,恒星大法台,敏感,http://wx3.sinaimg.cn/thumbnail/0066JrSlly1gnjbjd244vj30u01hcnpd.jpg,0,0,转发,司法 政务,百世快运,新浪微博,北京
2021/3/18 23:06,控告百世快递 关注@正义援助66866 置顶，请有关部门严惩百世快递大连开发区七部恶意拖欠艰难抚养两个弱小女儿的单亲妈妈8个月8万多活命钱！@正义网 @中国妇女报 @物流时代杂志 @百世快运@快递杂志@百世快递 @中国邮政快递报 @大连晚报 @新闻大连 @百世官微 @国家邮政局 @快递杂志 @央视网快看,,http://weibo.com/7560037357/K6OnHqhfT,@百世快运#春节# 愿新年，胜旧年！,恒星大法台,敏感,http://wx3.sinaimg.cn/thumbnail/0066JrSlly1gnjbjd244vj30u01hcnpd.jpg,0,0,转发,司法 政务,百世快运,新浪微博,北京
2021/3/18 23:04,当你要准备构建一个网站，应该要思考哪些问题？,东京都1.1千位关注者[EmpoweringSmarterLives|口一力>=、-Anker才[SoundcoreK「Eufy日本展围， 如何思考？TDSunny行世界 恭喜，域名回购咨询服务费支付成功！看最新进展 产品内容产品名称量达弹年网优速价格fp城名1年0元￥9.00青城名列表,http://mp.weixin.qq.com/s?src=11&timestamp=1616080124&ver=2954&signature=u3rKpQbFhaNocoO64667MqHqaAlV75mntzmFxQV5S*-JY0UWEDeLZe-hZcRJR9qOXspFWjeVsIRlC99aLkZFz0PGv40K623URHvUT5jl9oSbGIOBZD0Q*W8OUolDKgMD&new=1,,,非敏感,,,,,其他,优速,微信,广东
2021/3/18 22:58,广州到天柱物流公司,欢迎新老客户来电洽谈业务，服务永无止境。新品牌聚盟、运派、传化物流联盟等相继起网，老牌企业三志物流、德坤等加速，开始新一轮跑马圈地，同时可以看到，德坤、聚盟的，意味着大票零担市场得到了资本的关注，这个小散乱市场的整合者终于等到了他们的机会，这也进一步说明了区域网络和大票零担**整合加速，目前来看，区域网络方面壹米滴答做的很成功，有很多平台效仿壹米滴答，,https://www.isso.com.cn/inews/aeoga-5864315-3738654.html,,,非敏感,,,,,其他,壹米,易索资讯,浙江
2021/3/18 22:58,【榜样】十年快递老兵，从0做到日均出货量40吨+！,老鬼邀您阅前思考优速老兵，热血依旧。来源：优速伙伴作者：原文标题《十年优速老兵，他是如何一步步从0做到日均出货量40T+的？,http://mp.weixin.qq.com/s?__biz=MzA4MTMwODg3MQ==&mid=2650414299&idx=4&sn=7403714ecb998dbbb081a081cd188fb8&scene=0,,,非敏感,,,,,其他,"壹米,优速",微信,广东
2021/3/18 22:53,#宜春头条#行业盛会，刷新“高安物流”3月18日，第十届中国城市物流发展年会在我市举行，来自全国,龚法生代表宜春市政府向年会的召开表示热烈祝贺，并指出，近年来，高安聚焦“车”跑世界、“云”聚高安，围绕“数字产业园、智慧物流城”的定位，打造了颇具规模的汽运物流产业园，引进了顺丰快运、安能物流等知名企业，物流产业正成为驱动全市经济大发展的强劲动力。,https://www.toutiao.com/i1694581896258567/,,,非敏感,,,,,其他,安能物流,今日头条微头条,北京
2021/3/18 22:53,,,http://weibo.com/6032763104/K6OiC7V0b,@江苏建筑职业技术学院 #教育优速递#【#2025年江苏进全国前列高水平大学达20所#】日前，#江苏发布未来五年高水平大学建设方案#。《方案》提出，到2025年，江苏更多高校进入国家层面开展的一流大学和一流学科建设行列，进入全国前列的高水平大学达到20所，其中省属高校达到11所，省属高校中新增2－3个学科进入全国学科评估前10%。（via.@我苏特稿 ）http://t.cn/A6t3e1qf,你吃我蛋挞,非敏感,,0,0,转发,其他,优速,新浪微博,江苏
2021/3/18 22:53,,,http://weibo.com/6032763104/K6OimpTo3,@江苏建筑职业技术学院 #教育优速递#【#五部委规范大学生互联网消费贷#】近日，中国银保监会等五部委联合发布通知：①明确#小贷公司不得发放大学生互联网消费贷#；②明确#未经批准设立机构不得提供大学生信贷服务#；③严厉打击针对大学生群体以套路贷、高利贷等方式实施的犯罪活动；④加大对非法拘禁、绑架、暴力催收等违法犯罪活动的打击力度…详戳网址：http://t.cn/A6t1Iyx9（via.@人民日报 ）,你吃我蛋挞,中性,http://wx4.sinaimg.cn/thumbnail/c08a37fcly1gontybl1dyj20c80e2jte.jpg,0,0,转发,公安 政务,优速,新浪微博,江苏
2021/3/18 22:51,威海市市场监管局开展快递物流计量器具专项检查,壹米滴答营业网点 检查结果： 1台电子地磅未进行强检。执法人员依法现场调查，责令其立即停止使用未经检定的计量器具，并依法进行立案查处。 顺治通运输营业网点 检查结果： 1台电子地磅未进行强检。,https://www.dongchedi.com/article/6941003320781783582,,,敏感,,,,,政务,壹米,懂车帝,北京
2021/3/18 22:51,壹米滴答 营业网点 检查结果： 1台电子地磅未进行强检。执法人员依法现场调查，责令其立即停止使用未经检定的计量器具，并依法进行立案查处。 顺治通运输营业网点 检查结果： 1台 电子地磅 未进行强检。,,https://www.toutiao.com/i6941003320781783582/,,,敏感,,,,,政务,壹米,今日头条,北京
2021/3/18 22:50,回复@壹米玖肆:咋就不一样了，都是RM35-02,,http://weibo.com/7006372128/K6NoBr5G8,詹志斌同学：这表这价格真的绝了 穷玩车 富玩表 我tm连车都玩不起 http://t.cn/RI1ENXb,,非敏感,,,,评论,,壹米,新浪微博,
2021/3/18 22:49,我不会入套上当,,https://www.toutiao.com/i1694558648136716/,破衣乞丐：这两天在58同城上找工作，看见一知名物流企业（安能物流）招聘搬运工的招聘信息；便投了简历，招聘人员一再热情邀约过去面谈；今天应邀前往几十公里外该公司的物流分拣中心进行面谈了解相关具体待遇； 骑了两个多小时的车到达后，该名联系人提示我先（里面立的一张招聘广告）扫码，然后要求我先在手机上填,,非敏感,,,,评论,,安能物流,今日头条,
2021/3/18 22:49,,,http://weibo.com/6170963146/K6Oh2ifyz,@江苏建筑职业技术学院 #教育优速递#【上学途中国歌响起 ，小学生驻足向国旗敬礼】近日，山东德州，早上7点半左右，学生上学途中听到广播内响起《国歌》 ，停下脚步朝着国旗方向敬礼。视频拍摄者直言十分感动，“那么小的孩子，听到国歌全部停下来敬礼，一整个天桥上的孩子都是同一个动作，太震撼了。”网友纷纷表示，“学校的教育好”、“少年强则国强”。跟教育小微一起来看↓↓↓（via.@微言教育 ）http://t.cn/A6tQ0Qaa,鹿先生twq,非敏感,,0,0,转发,其他,优速,新浪微博,江苏
2021/3/18 22:48,,,http://weibo.com/6170963146/K6Ogpk9PC,@江苏建筑职业技术学院 #教育优速递#【这份传承令人感动！#中学生分析火箭失利收到科学家回信#】12日，“长征”七号甲运载火箭发射取得圆满成功。而去年火箭首发失利之后，一位有着航天梦的中学生给科研人员写信，讲述了自己对于失利原因的分析。在信件寄出约一周后，便收到了科研人员的回信↓网友：有此传承，未来可期！（via.@人民日报 ）,鹿先生twq,非敏感,"http://wx2.sinaimg.cn/bmiddle/c08a37fcgy1golhtyct16j20c80ocjtd.jpg,http://wx4.sinaimg.cn/bmiddle/c08a37fcgy1golhtybo1ij20c80w1770.jpg",0,0,转发,其他,优速,新浪微博,江苏
2021/3/18 22:47,,,http://weibo.com/6170963146/K6OfUeb9R,@江苏建筑职业技术学院 #教育优速递#【教育部：#冒名顶替入学学位将被撤销#】3月15日，教育部发布学位法草案征求意见稿。其中，学位论文或者实践成果存在严重剽窃、伪造、抄袭、数据造假等学术不端行为的，以冒名顶替、徇私舞弊等非法手段取得入学资格或者毕业证书的，将被撤销学位，收回或者宣布学位证书无效。#论文造假将被撤销学位##初高中学历团伙代写医学论文获刑#（via.@人民日报 ）,鹿先生twq,敏感,http://wx1.sinaimg.cn/thumbnail/c08a37fcgy1gomn2a3b55j20c80k20ua.jpg,0,0,转发,其他 政务 公安,优速,新浪微博,江苏
2021/3/18 22:47,,,http://weibo.com/6170963146/K6OfUeb9R,@江苏建筑职业技术学院 #教育优速递#【教育部：#冒名顶替入学学位将被撤销#】3月15日，教育部发布学位法草案征求意见稿。其中，学位论文或者实践成果存在严重剽窃、伪造、抄袭、数据造假等学术不端行为的，以冒名顶替、徇私舞弊等非法手段取得入学资格或者毕业证书的，将被撤销学位，收回或者宣布学位证书无效。#论文造假将被撤销学位##初高中学历团伙代写医学论文获刑#（via.@人民日报 ）,鹿先生twq,敏感,http://wx1.sinaimg.cn/thumbnail/c08a37fcgy1gomn2a3b55j20c80k20ua.jpg,0,0,转发,其他 政务 公安,优速,新浪微博,江苏
2021/3/18 22:46,黑,,https://www.toutiao.com/i1694558648136716/,破衣乞丐：这两天在58同城上找工作，看见一知名物流企业（安能物流）招聘搬运工的招聘信息；便投了简历，招聘人员一再热情邀约过去面谈；今天应邀前往几十公里外该公司的物流分拣中心进行面谈了解相关具体待遇； 骑了两个多小时的车到达后，该名联系人提示我先（里面立的一张招聘广告）扫码，然后要求我先在手机上填,,非敏感,,,,评论,,安能物流,今日头条,
2021/3/18 22:45,,,http://weibo.com/6170963146/K6Of9it4n,@江苏建筑职业技术学院 #教育优速递#【#2025年江苏进全国前列高水平大学达20所#】日前，#江苏发布未来五年高水平大学建设方案#。《方案》提出，到2025年，江苏更多高校进入国家层面开展的一流大学和一流学科建设行列，进入全国前列的高水平大学达到20所，其中省属高校达到11所，省属高校中新增2－3个学科进入全国学科评估前10%。（via.@我苏特稿 ）http://t.cn/A6t3e1qf,鹿先生twq,非敏感,,0,0,转发,其他,优速,新浪微博,江苏
2021/3/18 22:44,关于咨询《关于反映业里村优速快递门口有机动车堵路的问题》工单处理结果的问题,关于咨询《关于反映业里村优速快递门口有机动车堵路的问题》工单处理结果的问题 工单基本信息 事项编号 20210318639295 工单来源 语音 诉求类型 咨询类,http://124.225.223.68:26600/haikouwork/queryWorkOrderByWpid?wpid=20210318639295,,,敏感,,,,,政务,优速,海口12345网上诉求列表,海南
2021/3/18 22:44,,,http://weibo.com/6170963146/K6OeRi54r,@江苏建筑职业技术学院 #教育优速递#【#五部委规范大学生互联网消费贷#】近日，中国银保监会等五部委联合发布通知：①明确#小贷公司不得发放大学生互联网消费贷#；②明确#未经批准设立机构不得提供大学生信贷服务#；③严厉打击针对大学生群体以套路贷、高利贷等方式实施的犯罪活动；④加大对非法拘禁、绑架、暴力催收等违法犯罪活动的打击力度…详戳网址：http://t.cn/A6t1Iyx9（via.@人民日报 ）,鹿先生twq,中性,http://wx4.sinaimg.cn/thumbnail/c08a37fcly1gontybl1dyj20c80e2jte.jpg,0,0,转发,政务 公安,优速,新浪微博,江苏
2021/3/18 22:42,安能物流的特点,安能物流的特点安能物流的特点,http://zhidao.baidu.com/question/817356525709443812.html,,,非敏感,,,,,其他,安能物流,百度知道,北京
2021/3/18 22:42,转发微博,,http://weibo.com/5671515185/K6OdUqwqg,@贪吃橙仔 ?整理了一条「寄快递攻略」最近不是快放假了嘛，需要打包行李寄回家的姐妹快来看看！！欢迎补充！?【菜?裹裹】1??菜?裹裹小任务 http://t.cn/A6qHm6NZ2??菜?裹裹商家版 http://t.cn/A6qHnXS23???金币兑运费quan http://t.cn/A6qHmHsc4??周六勉费寄 http://t.cn/A6qHuVYX?【其他】1??京.东快递 http://t.cn/A6qHmDSa2??闲?代寄 http://t.cn/A6qHujs13??丰.巢快递柜 http://t.cn/A6qH3LH0?【... [ 查看更多 ][ 隐藏更多 ],云处安_YunChuan,非敏感,http://wx3.sinaimg.cn/thumbnail/007bBBRcgy1gm5uf5xjcdj30j60k5wg8.jpg,0,0,转发,其他,"安能物流,优速",新浪微博,甘肃
2021/3/18 22:39,#孤独的城市寂寞的夜 #物流人，服务宗旨：为人民服务，#发货联系17735126625，安能物流竭诚为您服务,#孤独的城市寂寞的夜 #物流人，服务宗旨：为人民服务，#发货联系17735126625，安能物流竭诚为您服务 #孤独的城市寂寞的夜 #物流人，服务宗旨：为人民服务，#发货联系17735126625，安能物流竭诚为您服务,https://www.iesdouyin.com/share/video/6941003842444070175,,,非敏感,,,,,政务,安能物流,抖音,北京
2021/3/18 22:38,沂蒙山高山黄小米｜健康原生态 香浓软糯 好喝养胃,天地而已壹米呈黄色或金黄色颗粒饱满米粒大小精选优质黄小米品种甄选优良品种颜色均匀贰美确保小米的原生态我们采用全人工插秋种植手法在临沂市小米种植基地人工插快播种淘光团团购素材号 家状态 用优良的种植技术我们会时刻观察着每一株的生长确保小米的健康生长小米种苗播种下去以后优良的种植技术肆头乐我们采用了为了确保黄小米的有机状态进人工插快播种黄小米的健康生长人工除草除虫作业淘光团团购素材号 淘米团1折楼自用省分享赚淘米团团购素材号 有任何疑问可扫码私信淘米团客服新用户注册可享5.21元立减优惠券淘米团团购素材号 淘米团团购开启美好生活关注我们更多惊喜个有温暖的微信社群团淘来自团购素材号,http://mp.weixin.qq.com/s?__biz=Mzg5ODA1MTQ2Ng==&mid=2247616711&idx=7&sn=09df26f97e077856a7891cdcac87b65f&scene=0,,,非敏感,,,,,其他,壹米,微信,广东
2021/3/18 22:31,优速浏览器是什么流氓软件？,优速浏览器是什么流氓软件？优速浏览器是什么流氓软件？,http://zhidao.baidu.com/question/1375250650427361779.html,,,敏感,,,,,其他,优速,百度知道,北京
2021/3/18 22:31,【方正交运 | 年报点评】顺丰控股：阳光灿烂修屋顶，风物长宜放眼量,万亿级别的零担快运市场，处于规模化以及行业加速整合期，顺丰快运保持中高端与中低端双网运营，不断推动顺丰快运直营网络与顺心捷达加盟网络的业务融合，加强场线资源投入以及升级自动化设备，截至2020年末，顺丰快运共有185个快运中转场，约1500个快运集配站，合计场站面积超过330万平米，日承载能力21.5万吨，同比增长69.3%；拥有2911条快运干线，10902条支线，,http://mp.weixin.qq.com/s?src=11&timestamp=1616078917&ver=2954&signature=4W*JnyT1Pzt-N03Au5CkSwrF1DdPEhpR7-DFTpk5ERd97QXDc-ZZj9fTTFhbB2yx42FzEsbA4EvyInnF3ykt794aEgnv03EEyLLn471-s*-da2MAPFavPBgCaUg260ZJ&new=1,,,非敏感,,,,,其他,顺心捷达,微信,广东
2021/3/18 22:27,我使用的qq浏览器总是跳出一个优速浏览器怎么处理？,我使用的qq浏览器总是跳出一个优速浏览器怎么处理？ 我使用的qq浏览器总是跳出一个优速浏览器怎么处理？,http://zhidao.baidu.com/question/1375250458227579659.html,,,中性,,,,,其他,优速,百度知道,北京
2021/3/18 22:24,乘坐2021年3月26日国航CA722航班的旅客已开始进行双检测预约,乘坐2021年3月26日国航CA722航班的旅客，已开始进行双检测预约，预约信息发送到壹米国际邮箱emy-int@yandex.by。具体详情请关注《壹白俄》公众号查阅，或加入咨询群或添加工作人员微信。微信：yimiguoji2021。,http://mp.weixin.qq.com/s?__biz=MzkwOTExODM3Ng==&mid=2247486006&idx=1&sn=a67fda89718a3291fd5dce5fc8636f11&scene=0,,,非敏感,,,,,其他,壹米,微信,广东
2021/3/18 22:10,,,http://weibo.com/7524645161/K6O146Hfh,@江苏建筑职业技术学院 #教育优速递#【#2025年江苏进全国前列高水平大学达20所#】日前，#江苏发布未来五年高水平大学建设方案#。《方案》提出，到2025年，江苏更多高校进入国家层面开展的一流大学和一流学科建设行列，进入全国前列的高水平大学达到20所，其中省属高校达到11所，省属高校中新增2－3个学科进入全国学科评估前10%。（via.@我苏特稿 ）http://t.cn/A6t3e1qf,霏噶er,非敏感,,0,0,转发,其他,优速,新浪微博,江苏
2021/3/18 22:09,[顺心捷达吧]顺心捷达快递 真是辣鸡 不给送货 辱骂我 投诉无果,[顺心捷达吧]顺心捷达快递 真是辣鸡 不给送货 辱骂我 投诉无果 送货也分几种的，你要看清楚是只送货还是送货上楼！别人不能只拿送货的钱帮你送上楼吧！那也是要出力气的！ 快递员态度恶劣 撒谎聊屁 欺骗客户 我就想知道怎么才能投诉他们 我打12305 说不接受顺心捷达的快递,https://tieba.baidu.com/p/7265024516?pid=138385038813#138385038813,快递员态度恶劣 撒谎聊屁 欺骗客户 我就想知道怎么才能投诉他们 我打12305 说不接受顺心捷达的快递,,敏感,,,,转发,政务 公安,顺心捷达,百度贴吧,北京
2021/3/18 22:09,,,http://weibo.com/7524645161/K6O0z7jXs,@江苏建筑职业技术学院 #教育优速递#【#五部委规范大学生互联网消费贷#】近日，中国银保监会等五部委联合发布通知：①明确#小贷公司不得发放大学生互联网消费贷#；②明确#未经批准设立机构不得提供大学生信贷服务#；③严厉打击针对大学生群体以套路贷、高利贷等方式实施的犯罪活动；④加大对非法拘禁、绑架、暴力催收等违法犯罪活动的打击力度…详戳网址：http://t.cn/A6t1Iyx9（via.@人民日报 ）,霏噶er,中性,http://wx4.sinaimg.cn/thumbnail/c08a37fcly1gontybl1dyj20c80e2jte.jpg,0,0,转发,政务 公安,优速,新浪微博,江苏
2021/3/18 22:07,2021年2月26日，我在阿里巴巴“泉州市丰泽区哲轩电子商务有限公司”购买了A68黑色40的样品，确认质量无误后，在3月2日购买了黑色，灰色，花布共90双鞋子，在3月3号我发现鞋子的颜色和商家宣传不符，3月4号我们只收到30双，就去询问商家，商家告知后面才发了60双。并且与商家确认有哪些颜色不符，商家告知黑色的不符，因考虑到商家存在虚假宣传问题，我方决定退货，这就涉及到商家发货时候产生的运费谁承,,http://weibo.com/5744311839/K6NZTo1qD,,吴可爱嘿,敏感,"http://wx1.sinaimg.cn/bmiddle/006gKxUXly1gooeu1dqkxj30qo0zkth5.jpg,http://wx3.sinaimg.cn/bmiddle/006gKxUXly1gooeu1tkn3j30zk0zkk0p.jpg,http://wx1.sinaimg.cn/bmiddle/006gKxUXly1gooeu225xwj30gg0zkq55.jpg,http://wx2.sinaimg.cn/bmiddle/006gKxUXly1gooeu3gk7fj30gg0zkjux.jpg,http://wx4.sinaimg.cn/bmiddle/006gKxUXly1gooeu11lbwj30gg0zkgoq.jpg,http://wx4.sinaimg.cn/bmiddle/006gKxUXly1gooeu3ondsj30n01dsqge.jpg,http://wx4.sinaimg.cn/bmiddle/006gKxUXly1gooeu40hkjj30n01dswzo.jpg,http://wx1.sinaimg.cn/bmiddle/006gKxUXly1gooeu4mnxbj30n01dsnfs.jpg,http://wx4.sinaimg.cn/bmiddle/006gKxUXly1gooeu5jjm6j30n01ds1bc.jpg",0,0,原创,政务,优速,新浪微博,福建
2021/3/18 22:07,快递江湖最大黑马杀入，日单两千万，成京东顺丰最大威胁,在快递界的四大势力之外，天天、百世、全峰，包括优速等无资本无背景无流量的“二流快递企业”，估计难逃出局的命运。 至于邮政：“你们接着打，我看戏就好”。可以预见的是，2021将会成为极兔实现国内前三目标的收官之战，就是不知道通达系、京东和顺丰，谁会给极兔让位置了。,http://www.yidianzixun.com/article/0TVCof18,,,敏感,,,,,金融,优速,一点资讯,北京
2021/3/18 22:07,车贷举报数量惊人！监管通报新网银行"三宗罪"，美利车金融梦魇仍在，如何善后？,去年12月底，富民银行发布公告称，享车平台运营商深圳优速物流信息科技有限公司未依约向该行贷款客户提供加油服务，其行为造成了富民银行及其客户的权益受损，富民银行已向公安机关报案。,https://3g.k.sohu.com/t/n522028877,,,敏感,,,,,政务 公安,优速,搜狐号,北京
2021/3/18 22:05,江苏省邮政管理局发布2020年度快递服务警示,对优速物流有限公司给予橙色警示，对上海宅急送物流有限公司、天天快递有限公司、上海极兔速递有限公司给予黄色警示，并责令受到警示的企业限期提交整改报告。,http://mp.weixin.qq.com/s?src=11&timestamp=1616079045&ver=2954&signature=urltCAW5D9CAH-tRdYFpahzcqdnRhie87MkSvVImb0mJ9dvWMrhz1I6BOAbevowgJ2dnYc4*ru-rnUQWeb2AHqoxj5qrzekMFZsxvT7fshPRubJWP7Y43J8VbnXRRMtw&new=1,,,非敏感,,,,,其他,优速,微信,江苏
2021/3/18 22:05,继续，看一看2020年顺丰控股的年报分析！,净利润近似90亿，没有将时效件和经济快递业务利润分开，毛估估在21年，速运业务能够有100-110亿的利润左右，对应估值在3000-3300亿。2.快运业务，零担行业是万亿级的市场，处于规模化以及行业加速整合期，不同于高度集中并呈现较高标准化与规模化的快递行业，快运行业集中度当前仍较低，具备很大的市场发展和整合潜力，目前运用双品牌战略，加快顺丰快运直营网络与顺心捷达加盟,http://mguba.eastmoney.com/mguba/article/0/1014535624,,,非敏感,,,,,其他,顺心捷达,股吧,上海
2021/3/18 22:05,[顺丰控股吧]继续，看一看2020年顺丰控股的年报分析！,加快顺丰快运直营网络与顺心捷达加盟网络的业务融合，参考毕马威在20年2月给出的估值在30亿美元左右，给予1.2PS，预估在21年这块业务的估值能够达到350以上。全3.其他业务给予同样的PS，21年能够大概率达到200亿。所以整体而言现在的市值较为合理，但也不便宜。目前各个业务的亮点传统业务,"http://guba.eastmoney.com/news,gssz,1014535624.html",,,非敏感,,,,,金融,顺心捷达,股吧,上海
2021/3/18 22:05,转发微博,,http://weibo.com/5599236218/K6NYYoqgD,@江苏建筑职业技术学院 #教育优速递#【#2025年江苏进全国前列高水平大学达20所#】日前，#江苏发布未来五年高水平大学建设方案#。《方案》提出，到2025年，江苏更多高校进入国家层面开展的一流大学和一流学科建设行列，进入全国前列的高水平大学达到20所，其中省属高校达到11所，省属高校中新增2－3个学科进入全国学科评估前10%。（via.@我苏特稿 ）http://t.cn/A6t3e1qf,Slawek-,非敏感,,0,0,转发,其他,优速,新浪微博,江苏
2021/3/18 22:04,转发微博,,http://weibo.com/5599236218/K6NYpeG6g,@江苏建筑职业技术学院 #教育优速递#【#五部委规范大学生互联网消费贷#】近日，中国银保监会等五部委联合发布通知：①明确#小贷公司不得发放大学生互联网消费贷#；②明确#未经批准设立机构不得提供大学生信贷服务#；③严厉打击针对大学生群体以套路贷、高利贷等方式实施的犯罪活动；④加大对非法拘禁、绑架、暴力催收等违法犯罪活动的打击力度…详戳网址：http://t.cn/A6t1Iyx9（via.@人民日报 ）,Slawek-,中性,http://wx4.sinaimg.cn/thumbnail/c08a37fcly1gontybl1dyj20c80e2jte.jpg,0,0,转发,政务 公安,优速,新浪微博,江苏
2021/3/18 22:03,不知道啊,,https://www.toutiao.com/i1694558648136716/,破衣乞丐：这两天在58同城上找工作，看见一知名物流企业（安能物流）招聘搬运工的招聘信息；便投了简历，招聘人员一再热情邀约过去面谈；今天应邀前往几十公里外该公司的物流分拣中心进行面谈了解相关具体待遇； 骑了两个多小时的车到达后，该名联系人提示我先（里面立的一张招聘广告）扫码，然后要求我先在手机上填,,非敏感,,,,评论,,安能物流,今日头条,
2021/3/18 22:02,进20来年从来没有找过工作,,https://www.toutiao.com/i1694558648136716/,破衣乞丐：这两天在58同城上找工作，看见一知名物流企业（安能物流）招聘搬运工的招聘信息；便投了简历，招聘人员一再热情邀约过去面谈；今天应邀前往几十公里外该公司的物流分拣中心进行面谈了解相关具体待遇； 骑了两个多小时的车到达后，该名联系人提示我先（里面立的一张招聘广告）扫码，然后要求我先在手机上填,,非敏感,,,,评论,,安能物流,今日头条,
2021/3/18 22:02,是啊,,https://www.toutiao.com/i1694558648136716/,破衣乞丐：这两天在58同城上找工作，看见一知名物流企业（安能物流）招聘搬运工的招聘信息；便投了简历，招聘人员一再热情邀约过去面谈；今天应邀前往几十公里外该公司的物流分拣中心进行面谈了解相关具体待遇； 骑了两个多小时的车到达后，该名联系人提示我先（里面立的一张招聘广告）扫码，然后要求我先在手机上填,,非敏感,,,,评论,,安能物流,今日头条,
2021/3/18 22:00,利于交际请客吃饭龙，利于踏青四处走走蛇，开心点休闲娱乐马，一马平川乘风破浪羊，积极如意猴，要淡定淡定鸡，不计较多礼让狗，贵人临门顺心捷达猪，喜开笑颜顺心顺意。,,http://weibo.com/6204312147/K6NX26pJt,,用户6204312147,非敏感,,0,0,原创,其他,顺心捷达,新浪微博,湖南
2021/3/18 22:00,利于交际请客吃饭龙，利于踏青四处走走蛇，开心点休闲娱乐马，一马平川乘风破浪羊，积极如意猴，要淡定淡定鸡，不计较多礼让狗，贵人临门顺心捷达猪，喜开笑颜顺心顺意。,,http://weibo.com/6204312147/K6NX26pJt,,用户6204312147,非敏感,,0,0,原创,其他,顺心捷达,新浪微博,湖南
2021/3/18 22:00,严重缺人！兖州新一批优质单位招聘啦，待遇高福利好！,楼盘诚招【招聘岗位】置业顾问、渠道专员【薪资待遇】高底薪+高点位佣金+五险一金+各类奖金+定期团建【电话】15554106130窦经理联系我时请说是兖州在线看到的百世快运【招聘岗位】C1证4.2米箱货驾驶员15名【薪资待遇】月薪5000以上，提成上不封顶。【任职要求】1、年龄40一下，驾龄一年以上熟悉本市路况。2、无不良驾驶记录，无大事故及交通违章，具有较强的安全意识。3、懂商务接待礼仪，具有一定的,http://mp.weixin.qq.com/s?src=11&timestamp=1616076314&ver=2954&signature=eD-TuSa3-ktOYexTPTBh7i9M9h0kRUhC2mCHBWNjsXXLLXZxrYVRBdjPIgHHOaSCmsYJA66iSLLKWtnpHgsUJpRbzAkmAw6Bl3*a6kWQzrYDkeie0VpkvcnTt79jmm6B&new=1,,,非敏感,,,,,其他,"百世快运,安能物流",微信,山东
2021/3/18 21:58,车贷举报数量惊人！监管通报新网银行"三宗罪"，美利车金融梦魇仍在，如何善后？,去年12月底，富民银行发布公告称，享车平台运营商深圳优速物流信息科技有限公司未依约向该行贷款客户提供加油服务，其行为造成了富民银行及其客户的权益受损，富民银行已向公安机关报案。公告同时表示，针对未依约享受加油服务的贷款客户，富民银行已及时采取了多种措施保护客户权益，并制定相关方案让客户不用继续还款，也能结清贷款。,http://mp.weixin.qq.com/s?src=11&timestamp=1616077948&ver=2954&signature=8drw5G*MWHCF6Ni9lNyOmafF-ONq1SlBXvroT4D7VCjPdEYlSQ5bq*BtEWCy3adxj*qbtxL1mYGeK1Ca2S9t0zXqwK5VDAUhSfLmeTwp2kV3vqMvjL2tdvdH-LyyPSKq&new=1,,,中性,,,,,政务 公安,优速,微信,广东
2021/3/18 21:58,真的！慢到我们这儿倒闭了//@相约Samarra:,,http://weibo.com/1269996767/K6NWeev4x,@文森特动物园百世快运是不是找一些余生皆假期的人来送快递？怎么会这么慢？,大猫君_,非敏感,,0,0,转发,其他,百世快运,新浪微博,浙江
2021/3/18 21:58,车贷举报数量惊人！监管通报新网银行"三宗罪"，美利车金融梦魇仍在，如何善后？,去年12月底，富民银行发布公告称，享车平台运营商深圳优速物流信息科技有限公司未依约向该行贷款客户提供加油服务，其行为造成了富民银行及其客户的权益受损，富民银行已向公安机关报案。 公告同时表示，针对未依约享受加油服务的贷款客户，富民银行已及时采取了多种措施保护客户权益，并制定相关方案让客户不用继续还款，也能结清贷款。,https://www.sohu.com/a/456274552_120053697,,,敏感,,,,,政务 公安,优速,搜狐号,北京
2021/3/18 21:51,【3月18日】瑞昌招聘求职信息更新,电话：18179217283李总. 【招聘】百世快运瑞昌分公司急招三轮车送货师傅1名，B照司机1名，日常工作瑞昌市内送货，配送零担物流及电商大件，有意可联系：18379257060李生，工资面议。,http://mp.weixin.qq.com/s?__biz=MzU5MDgzNDc2OA==&mid=2247504898&idx=4&sn=cd9c788c7c9d04cefc05667104cdf82f&scene=0,,,非敏感,,,,,其他,百世快运,微信,广东
2021/3/18 21:50,铜雕音乐家天津厂家,依照确定好的图纸，开始购买无破损的石材。音乐人物铜雕塑加工好后，为了运输安全，我们经常使用有半成品进行包装。综合价格和安全我们推荐安能物流。1.8米的音乐人物铜雕塑比较容易安装。音乐人物铜雕塑是一种常见的雕塑只需要遵照我厂提供的安装视频，自己就可以安装。 音乐人物铜雕塑属于铜雕的一种。认为：每件音乐人物铜雕塑都具有独特的意义。,http://www.nntv.cn/inews/acbdbgc-bzscefckhb.html,,,非敏感,,,,,其他,安能物流,老友网,广西
2021/3/18 21:50,海豚不锈钢雕塑汕头大概多少钱,在制作不锈钢跳跃海豚雕塑的时候，先说定终设计图。若是顾主说要再次深化雕塑图，厂帮忙引荐设计大师。公司会根据图纸算出价格。例如高2米以下的不锈钢跳跃海豚雕塑，价格一般在5000左右。遵照确定好的图纸，开始购买色调好的荒料。不锈钢跳跃海豚雕塑生产完工后，从安全角度着想，我们推荐采用要重做模具进行包装。综合价格和安全我们推荐安能物流。,http://www.nntv.cn/inews/jdibeef-bzscefckgk.html,,,非敏感,,,,,其他,安能物流,老友网,广西
2021/3/18 21:50,不锈钢抽象人物雕塑原图,我们推荐您选用安能物流进行运输。5米的抽象人物不锈钢雕塑比较容易安装，只需要遵照我们发给您的安装图纸，可以自己安装。 所以受到顾客喜爱。抽象人物不锈钢雕塑属于不锈钢雕塑的一种。在制作抽象人物不锈钢雕塑以前，先敲定的雕塑图片。假如顾客要求再次深化图片，厂可以免费推荐雕塑设计师。抽象人物不锈钢雕塑由于造型好看厂会依据图纸计算出合适的价格。,http://www.nntv.cn/inews/2021/nnxw_1/2452968.html,,,非敏感,,,,,其他,安能物流,老友网,广西
2021/3/18 21:50,转发微博,,http://weibo.com/6621093324/K6NT1i5pj,@江苏建筑职业技术学院 #教育优速递#【#江苏将劳动素养作为毕业升学参考依据#】江苏省委办公厅近日印发《关于全面加强新时代大中小学劳动教育的实施意见》，明确将劳动素养纳入学生综合素质评价体系，作为学生评优评先、毕业升学的重要参考或依据。江苏将分段实施大中小学劳动教育，探索劳动教育学分制。家庭要鼓励孩子利用双休日或节假日参与劳动，确保中小学生每周家庭劳动时间不少于2小时，每年... [ 查看更多 ][ 隐藏更多 ],Tintin86516,非敏感,http://wx3.sinaimg.cn/thumbnail/c08a37fcly1goi0mqmgyaj21900u0juc.jpg,0,0,转发,其他,优速,新浪微博,北京
2021/3/18 21:50,不锈钢喷漆白色蝴蝶景观雕塑多少钱,我们厂会按照图纸给出合理的报价。例如高6米的不锈钢彩绘蝴蝶，不含税的价格为9万左右。依照确定好的图纸，首先选购少杂质的荒料。雕塑加工好后，在发货以前，采用需重新生产包装，确保不锈钢彩绘蝴蝶安全运到您的手中。综合价格和安全我公司使用安能物流。6米的不锈钢彩绘蝴蝶由专业人员安装，安装时吊车及费用，由雇主负责。安装费一般两千元。,http://www.nntv.cn/inews/wap/nnxw/1/2452965.shtml,,,非敏感,,,,,其他,安能物流,老友网,广西
2021/3/18 21:48,转发微博,,http://weibo.com/6621093324/K6NS32ukP,@江苏建筑职业技术学院 #教育优速递#【事关毕业升学！#江苏探索实施学校劳动教育学分制#】近日，《中共江苏省委江苏省人民政府关于全面加强新时代大中小学劳动教育的实施意见》印发，《实施意见》将劳动素养纳入学生综合素质评价体系，作为学生评优评先、毕业升学的重要参考或依据。鼓励孩子利用双休日或节假日参与劳动，确保中小学生每周家庭劳动时间不少于2小时，每年有针对性地学会1至2项生活技能；提出分段实施大中小学劳动教育，小学、初中劳动教育课平均每周不少于1课时，普通高中不少于6个必修学分。http://t.cn/A6tRTqWP（via.@我苏特稿 ）,Tintin86516,非敏感,,0,0,转发,其他,优速,新浪微博,北京
2021/3/18 21:48,昆明市潘家湾附近安能物流的电话？,昆明市潘家湾附近安能物流的电话？ 昆明市潘家湾附近安能物流的电话？,http://zhidao.baidu.com/question/817164332455104132.html,,,非敏感,,,,,其他,安能物流,百度知道,北京
2021/3/18 21:45,到处都是这样的公司,,https://www.toutiao.com/i1694558648136716/,破衣乞丐：这两天在58同城上找工作，看见一知名物流企业（安能物流）招聘搬运工的招聘信息；便投了简历，招聘人员一再热情邀约过去面谈；今天应邀前往几十公里外该公司的物流分拣中心进行面谈了解相关具体待遇； 骑了两个多小时的车到达后，该名联系人提示我先（里面立的一张招聘广告）扫码，然后要求我先在手机上填,,非敏感,,,,评论,,安能物流,今日头条,
2021/3/18 21:43,顺丰，到底有多优秀？,顺丰的快运业务采用的是 “双品牌”策略 ，顺丰快运定位高时效、高质量及高服务体验的中高端市场，“顺心捷达”专注全网型中端快运市场，双品牌在运营模式及产品定位上互补，彼此业务融通，共同满足客户多元化需求。,https://html2.qktoutiao.com/detail/2021/03/18/1617123432.html,,,非敏感,,,,,其他,顺心捷达,趣头条,上海
2021/3/18 21:40,【人才推荐】3月18日丨今日最新求职者信息推荐！,勤奋，有耐心，有责任的做好每一件事货运司机彭涛男 | 26岁 | 8年以上 | 初中期望薪资：面议工作经历：2020年7月-2021年2月安能物流自我介绍：有过半年以上四米二驾驶经验人事谭世金男 | 42岁 | 8年以上 | 本科期望薪资：面议工作经历：2019年3月-2021年1月能英自我介绍：见下面的简历描述！！！,http://mp.weixin.qq.com/s?src=11&timestamp=1616082042&ver=2954&signature=gzELVOkMMDYiluyQz7qGfIihPFZhC7*d1AewbdkdvW3TwDesLWRq07IjRd-33fRIifQVi0E3JntROV3Wy*qwvYcFvnLkoQmNGp-Mf*sxqHGDytrUQ40B-p6ApiV2BgdX&new=1,,,非敏感,,,,,其他,安能物流,微信,广东
2021/3/18 21:36,车贷举报数量惊人！监管通报新网银行"三宗罪"，美利车金融梦魇仍在，如何善后？,据调查，该项目逾期率高达97%。重庆市消委会多次约谈富民银行，督促其妥善解决消费者投诉，切实维护消费者合法权益。据了解，上述提到的富民银行遭众多金融消费者投诉事件即去年发生的“享车APP暴雷事件”。去年12月底，富民银行发布公告称，享车平台运营商深圳优速物流信息科技有限公司未依约向该行贷款客户提供加油服务，,https://c.m.163.com/news/a/G5DD7GP60519JFL1.html,,,敏感,,,,,政务 公安,优速,网易号,广东
2021/3/18 21:36,车贷举报数量惊人！监管通报新网银行"三宗罪"，美利车金融梦魇仍在，如何善后？,重庆市消委会多次约谈富民银行，督促其妥善解决消费者投诉，切实维护消费者合法权益。据了解，上述提到的富民银行遭众多金融消费者投诉事件即去年发生的“享车APP暴雷事件”。去年12月底，富民银行发布公告称，享车平台运营商深圳优速物流信息科技有限公司未依约向该行贷款客户提供加油服务，其行为造成了富民银行及其客户的权益受损，富民银行已向公安机关报案。,https://www.163.com/dy/article/G5DD7GP60519JFL1.html,,,敏感,,,,,政务 公安,优速,网易号,广东
2021/3/18 21:36,车贷举报数量惊人！监管通报新网银行"三宗罪"，美利车金融梦魇仍在，如何善后？,据调查，该项目逾期率高达97%。重庆市消委会多次约谈富民银行，督促其妥善解决消费者投诉，切实维护消费者合法权益。据了解，上述提到的富民银行遭众多金融消费者投诉事件即去年发生的“享车APP暴雷事件”。去年12月底，富民银行发布公告称，享车平台运营商深圳优速物流信息科技有限公司未依约向该行贷款客户提供加油服务，,http://dy.163.com/v2/article/detail/G5DD7GP60519JFL1.html,,,敏感,,,,,政务 公安,优速,网易号,广东
2021/3/18 21:35,58太不靠谱咯……骗子在58扎堆儿,,https://www.toutiao.com/i1694558648136716/,破衣乞丐：这两天在58同城上找工作，看见一知名物流企业（安能物流）招聘搬运工的招聘信息；便投了简历，招聘人员一再热情邀约过去面谈；今天应邀前往几十公里外该公司的物流分拣中心进行面谈了解相关具体待遇； 骑了两个多小时的车到达后，该名联系人提示我先（里面立的一张招聘广告）扫码，然后要求我先在手机上填,,非敏感,,,,评论,,安能物流,今日头条,
2021/3/18 21:33,胶州招聘：胶州最新网络招聘【第1078期】,工作地点:胶州市宝龙广场18栋1510室。 诚邀智者，广纳贤才，期待有识之士加入我们！ 联系电话:18561553602赵经理安能物流招聘司机3名，持有C驾驶执照，有货运经验者优先， 公司新成立，发展空间大，一个月试用期4500元！,http://www.jiaozhourenli.com/news/news-show-279.htm,,,非敏感,,,,,其他,安能物流,青岛九度人力招聘网,山东
2021/3/18 21:32,2021运城到延安工地搬家直达到站,2021运城到延安工地搬家直达到站同时在网络覆盖率及加盟商的优惠政策方面也做了大量的工作，并在“天网+地网”多网融合的支持和推动下。业务取得了长足进步，百世快运将围绕“人车场地市场加盟商”五大要素展开工作，从C端出发，触达消费端诉求，赋能末端，质变量胜，气象台预计华东地区的大雾天气会到月日，受的大雾天气影响，,http://www.sxworker.com/qynews/ttxw/77awm8e/26/11266234.html,,,非敏感,,,,,其他,百世快运,陕西工人报,陕西
2021/3/18 21:31,58你也敢信,,https://www.toutiao.com/i1694558648136716/,破衣乞丐：这两天在58同城上找工作，看见一知名物流企业（安能物流）招聘搬运工的招聘信息；便投了简历，招聘人员一再热情邀约过去面谈；今天应邀前往几十公里外该公司的物流分拣中心进行面谈了解相关具体待遇； 骑了两个多小时的车到达后，该名联系人提示我先（里面立的一张招聘广告）扫码，然后要求我先在手机上填,,非敏感,,,,评论,,安能物流,今日头条,
2021/3/18 21:29,平谷又一大波企业招聘，工资4000-5000元！,（长按二维码查看详情） 【安能物流招聘货运司机】5000-8000元 招聘人数：若干 职位要求：经验不限/性别不限/年龄不限/学历不限 职位福利：[社保][住房公积金] 公司名称：安能物流有限公司 公司地址：北京市平谷区t河西路临39 （联系电话：139*******） 职位描述：安能物流招聘 C本货运司机5名，熟练驾驶4.2米箱式货车，金杯，每人一车，在平谷送货含装卸,http://mp.weixin.qq.com/s?__biz=MzI1NjA2MDU5OA==&mid=2247529417&idx=8&sn=38c63b67c6908ef54d4b565f291fd640&scene=0,,,非敏感,,,,,其他,安能物流,微信,北京
2021/3/18 21:28,4-氨基,4物流配送：我公司默认快递优速，顺丰或圆通等其他物流公司。如需其他快递请跟客服联系。,https://www.biomart.cn/chanpin/506512.htm,,,非敏感,,,,,医疗,优速,丁香通,浙江
2021/3/18 21:25,行业盛会，刷新“高安物流”………,为决胜全面建成小康社会、建设社会主义现代化强国，作出新的、更大贡献。 龚法生代表宜春市政府向年会的召开表示热烈祝贺，并指出，近年来，高安聚焦“车”跑世界、“云”聚高安，围绕“数字产业园、智慧物流城”的定位，打造了颇具规模的汽运物流产业园，引进了顺丰快运、安能物流等知名企业，,http://mp.weixin.qq.com/s?src=11&timestamp=1616082901&ver=2954&signature=F7bd6UcKDfIBheL-2TLA2RR0R*iguePJGxEPuo4fBPtpR*mxdjg1aujrfaxG3*BCFL9sX9BpZ8d6GF3fC9Fs17LFpTUlxOj85AFF8zL6teDimDF7f2GXtD7QQugpkIxm&new=1,,,非敏感,,,,,其他,安能物流,微信,河南
2021/3/18 21:25,百世快运招客服，工作容易好上手,百世快运招客服，工作容易好上手 关注我们，你可以查看更多招聘信息！招聘合作，请联系微信：www6an8com 长按关注 解锁更多精彩招聘最新消,http://mp.weixin.qq.com/s?__biz=MzI2OTQ3NjQ5NQ==&mid=2247507315&idx=7&sn=fcef59d8ad3c34601387bb70c1ea2487&scene=6#wechat_redirect,,,非敏感,,,,,其他,百世快运,微信,广东
2021/3/18 21:24,壹米滴答物流理赔不合理,壹米滴答物流理赔不合理 我的退货商品，壹米滴答快递运输过程中导致损坏，商家拒收，导致我价值760元的商品无法退货，上海壹米滴答物流总部理赔就赔20%，理赔回复是公司有规定20%，这毕竟是我退货的商品，因物流给损坏，商家拒收，导致我的商品无法退货，我向上海壹米滴答总部投诉两个周了，总是以上报了，反馈了敷衍我，我也多次联系济南壹米滴答，烟台壹米滴答，,http://www.hscbec.com/world/345022.html,,,敏感,,,,,政务,壹米,华声网,江苏
2021/3/18 21:21,A版|2021年03月19日:急招CNC师傅，注塑工，机械工程师，仓管，跟单，B2司机,号旁 豪成木工机械1-3楼安能物流文员2名 要求：女，20-40岁，熟悉办公软件，身体健康，头脑灵活，服从安排 待遇：3500-5000元/月，其他待遇面谈 业务员 2名 要求：男女不限，40岁以下，沟通能力强，有上进心，有相关经验者优先 待遇：底薪2000元+提成（纯利润的25%）约5000-10000元，转正后购买社保 联系对方时，请说是在“英智人才市场”看到的招聘信息,http://mp.weixin.qq.com/s?src=11&timestamp=1616074934&ver=2954&signature=Gir8Xrzf-3Duoic7xqmVQb8tdTI2bqZ4aJ46y6igU3NBEyf*VJ7HBbQYs*lqbqU3TxogzAsB93bg9uW8kZweiPJsM641VFzSTXFQG7sKGi6cFSE5NN*MHEMAiVCnsVZK&new=1,,,非敏感,,,,,其他,安能物流,微信,广东
2021/3/18 21:20,好物流是要靠包装的！龙捷物流（安能物流，佳怡快运）每一票货都为您精心包装（免费）！,好物流是要靠包装的！龙捷物流（安能物流，佳怡快运）每一票货都为您精心包装（免费）！ 好物流是要靠包装的！龙捷物流（安能物流，佳怡快运）每一票货都为您精心包装（免费）！,https://live.kuaishou.com/u/Ljwl8887997/3x63uiaghinsj8q,,,非敏感,,,,,其他,安能物流,快手,北京
2021/3/18 21:16,,就像零售业的“成本”、“效率”和“体验”。例如，根据货物货量的多少和大小，行业划分出了整车和零担等，如专注整车运输平台的满帮集团，福佑卡车和零担货运的安能物流等等;根据时间长短的划分，行业中又演变出了快递、快运和即时物流等等;根据空间距离远近的划分，又有同城货运/配送、跨区域物流和国际物流;根据转移方式的不同，,https://www.china6688.com/591672162/news/20210318/5464495.html,,,非敏感,,,,,其他,安能物流,顺发贸易网,河北
2021/3/18 21:16,齿轮不锈钢雕塑蚌埠厂,综合价格和安全我公司普通物流。出厂价是8000左右。遵照确定好的图纸，首先选择无破损的石头。不锈钢抽象齿轮雕塑生产完工后，为了运输安全，我们采用有模具进行包装。我们推荐您选用安能物流进行运输。价格一般在8万左右。按照确定好的图纸，开始购买无破损的石料。不锈钢抽象齿轮雕塑制作完成后，为了运输安全，我们经常使用有进行包装。,http://www.nntv.cn/inews/jdibeef-eezscjedfefj.html,,,非敏感,,,,,其他,安能物流,老友网,广西
2021/3/18 21:15,企业酒瓶雕塑报价,例如高2米以下的不锈钢企业雕塑，价格是8万左右。然后就是正式开始不锈钢企业雕塑制作流程。生产周期多不超过3天左右。雕塑制作完成后，我公司在发货以前，采用要维修包装，确保雕塑安全运到您的手中。我们推荐您选用安能物流进行运输。2米以下的不锈钢企业雕塑不容易安装，安装时吊车及费用，由客户承担。安装费一般两千元。,http://www.nntv.cn/inews/ZjVkNjE-1-2452757.shtml,,,非敏感,,,,,其他,安能物流,老友网,广西
2021/3/18 21:15,不锈钢荷花装饰莲花摆件平均价格,在制作荷花的时候，首先要说定终雕塑图片。若是甲方需要再次设计图纸，我们会免费推荐设计公司。灵鑫雕塑厂会依据图纸给出报价。例如高8米的荷花，价格一般在5000左右。紧接着就是正式开始荷花的制作。完工时间少要3天左右。为了确保荷花安全到达客户手中，灵鑫雕塑通常采用要维修包装。我们推荐您选用安能物流进行运输。8米的荷花由专业人员安装，安装时吊车及费用。荷花由于整体流畅由顾客承担。,http://www.nntv.cn/inews/2021/nnxw_1/2452755.html,,,非敏感,,,,,其他,安能物流,老友网,广西
2021/3/18 21:12,赣南-人才求职招聘汇总信息......,快消品之类的，如京东，天猫，顺丰，百世快运等十几二十家大型物流行业（充足稳定）4.联系电话：18770092587（微信同步）于都武道教育招聘： 诚聘课程顾问、精英销售多名，年龄不限，男女不限，有销售经验优先。薪资2000-4000，长期短期均可。,http://mp.weixin.qq.com/s?__biz=MzUxNTExMjM3OA==&mid=2247486976&idx=3&sn=4013da34e6adfa838fe6d0809303731b&scene=6#wechat_redirect,,,非敏感,,,,,其他,百世快运,微信,广东
2021/3/18 21:12,转发微博,,http://weibo.com/5028675988/K6NDorkWm,@江苏建筑职业技术学院 #教育优速递#【#2025年江苏进全国前列高水平大学达20所#】日前，#江苏发布未来五年高水平大学建设方案#。《方案》提出，到2025年，江苏更多高校进入国家层面开展的一流大学和一流学科建设行列，进入全国前列的高水平大学达到20所，其中省属高校达到11所，省属高校中新增2－3个学科进入全国学科评估前10%。（via.@我苏特稿 ）http://t.cn/A6t3e1qf,知千意,非敏感,,0,0,转发,其他,优速,新浪微博,江苏
2021/3/18 21:12,货量从0到40T＋，这位优速人厉害了！,这位优速人厉害了！ 感谢您阅读快递物流之声第2275期内容来 源：优速伙伴微信公众号原 标 题：十年优速老兵，他是如何一步步从0做到日均出货量40T+的？说 明：版权归原平台或作者所有，向原创致敬快递物流之声10万+文章展示,https://new.qq.com/rain/a/20210318A0E3PN00,,,非敏感,,,,,其他,"壹米,优速",腾讯新闻企鹅号,广东
2021/3/18 21:12,货量从0到40T+，这位优速人厉害了！,这位优速人厉害了！ 感谢您阅读快递物流之声第2275期内容来 源：优速伙伴微信公众号原 标题：十年优速老兵，他是如何一步步从0做到日均出货量40T+的？,http://mp.weixin.qq.com/s?src=11&timestamp=1616080146&ver=2954&signature=tzMOR9HHY6XpjUwCWoq7LOGgHTi0rjOvxFFCw3ndJAZdBPOIbaULxxnH9GDwhweM7oPzU1TQFJE94eR1kODZYo-9vhA48fT09Xx9Q7vFKvVHFO05GtPsmrNgQlYDvDKV&new=1,,,非敏感,,,,,其他,"壹米,优速",微信,广东
2021/3/18 21:12,货量从0到40T＋，这位优速人厉害了！,这位优速人厉害了！ 感谢您阅读快递物流之声第2275期内容来 源：优速伙伴微信公众号原 标 题：十年优速老兵，他是如何一步步从0做到日均出货量40T+的？说 明：版权归原平台或作者所有，向原创致敬快递物流之声10万+文章展示,https://view.inews.qq.com/a/20210318A0E3PN00,,,非敏感,,,,,其他,"壹米,优速",腾讯新闻企鹅号,广东
2021/3/18 21:10,转发微博,,http://weibo.com/5028675988/K6NCvo7bz,@江苏建筑职业技术学院 #教育优速递#【#五部委规范大学生互联网消费贷#】近日，中国银保监会等五部委联合发布通知：①明确#小贷公司不得发放大学生互联网消费贷#；②明确#未经批准设立机构不得提供大学生信贷服务#；③严厉打击针对大学生群体以套路贷、高利贷等方式实施的犯罪活动；④加大对非法拘禁、绑架、暴力催收等违法犯罪活动的打击力度…详戳网址：http://t.cn/A6t1Iyx9（via.@人民日报 ）,知千意,中性,http://wx4.sinaimg.cn/thumbnail/c08a37fcly1gontybl1dyj20c80e2jte.jpg,0,0,转发,政务 公安,优速,新浪微博,江苏
2021/3/18 21:08,【山丹同城信息广场】（3月18日更新）招聘 房产 二手便民信息,车子精品，原版原漆带保险 ，保险到十月，售价两万多。可试车。试车电话:15682662929（3.14）【招聘】甘肃嘉盛新能源开发有限责任公司，现大量招聘安装工，精通水电暖的优先，工资待遇丰厚。业务代表若干名，工资待遇面议!工作地点山丹县r仁瑞综合楼下乔丹隔壁（太阳雨欧必德生活馆），联系人张先生，电话13993676868（3.14）【招聘】山丹优速快递急聘快递员1名，男女不限，,http://mp.weixin.qq.com/s?src=11&timestamp=1616078666&ver=2954&signature=cDCiu2bHIiG*pTYRkRAEelvCWBRxXCecBOFGtFWDMPSOlaYBm7d79ztrbmKeK9zvn0RfcW8DwtY9hecC8DyjSj3xYqQVxSt*Y1XHmwzohkmsCM9*Rn5K2Sh5TvNRaITd&new=1,,,非敏感,,,,,其他,优速,微信,甘肃
2021/3/18 21:08,第十届中国城市物流发展年会在高安举行！,龚法生代表宜春市政府向年会的召开表示热烈祝贺，并指出，近年来，高安聚焦“车”跑世界、“云”聚高安，围绕“数字产业园、智慧物流城”的定位，打造了颇具规模的汽运物流产业园，引进了顺丰快运、安能物流等知名企业，物流产业正成为驱动全市经济大发展的强劲动力。,http://mp.weixin.qq.com/s?src=11&timestamp=1616078968&ver=2954&signature=FOv6CcpgBZdi7*rEu2fxTMcS99xM8GE1XuJUaIo3r8z64fP0iKsH6by5CTWHLptaKw4kXUozl9KE*q9uk55-*lefrIu30rYBPR1D1osmuyKrHJCeXfacCE-NVRyIyl9m&new=1,,,非敏感,,,,,其他,安能物流,微信,江西
2021/3/18 21:07,货品丢失，快递态度恶劣,快递态度恶劣 货品丢失，快递态度恶劣 投诉编号： 17352617258 投诉对象：安能物流,https://tousu.sina.com.cn/complaint/view/17352617258/,,,敏感,,,,,政务 公安,安能物流,黑猫投诉,北京
2021/3/18 21:05,杭州附近开锁166 5712 6716,全天24小时优速上门开锁、修锁、换锁服务，专业开防盗门、保险箱、汽车锁、密码锁、文件柜、旅行箱、安装指纹锁、更换各类锁芯。配汽车钥匙、复制车库门遥控、ID/IC智能开锁卡、更换遥控电池等。,http://mp.weixin.qq.com/s?src=11&timestamp=1616083338&ver=2954&signature=hnAbSTCitmnhWcQ0V-8ZlNINXnOCgO*YIEjrJTDeJZgtbgiA4y-Lgp6XloI-yX4jQfI*D2GGIl5A6zi-7EtkDQQbhgxm1KzTz4QFozH5iv00dgYMrUj8CQaeF3W-SfHL&new=1,,,非敏感,,,,,其他,优速,微信,广东
2021/3/18 21:05,杭州附近开锁电话166 5712 6716,全天24小时优速上门开锁、修锁、换锁服务，专业开防盗门、保险箱、汽车锁、密码锁、文件柜、旅行箱、安装指纹锁、更换各类锁芯。配汽车钥匙、复制车库门遥控、ID/IC智能开锁卡、更换遥控电池等。,http://mp.weixin.qq.com/s?src=11&timestamp=1616085074&ver=2954&signature=hnAbSTCitmnhWcQ0V-8ZlNINXnOCgO*YIEjrJTDeJZjR*vIO0oJg24xnXTM*AaGd1J3XscSMgOsrXRZr86SKp07sUF8r5TA8s34jv45TBhjw3thwwOHp91eMdmCY9RxG&new=1,,,非敏感,,,,,其他,优速,微信,广东
2021/3/18 21:05,杭州开锁师傅哪家好166 5712 6716,全天24小时优速上门开锁、修锁、换锁服务，专业开防盗门、保险箱、汽车锁、密码锁、文件柜、旅行箱、安装指纹锁、更换各类锁芯。,http://mp.weixin.qq.com/s?src=11&timestamp=1616074424&ver=2954&signature=hnAbSTCitmnhWcQ0V-8ZlNINXnOCgO*YIEjrJTDeJZh2PFA0259b3c47zz4lKcA4mXXi8b5zZGkZNSie6nB7ixrDjCfn3ZBtgvG5GRvQ*5CHV4fLFfEkBdIhGqpytNOc&new=1,,,非敏感,,,,,其他,优速,微信,广东
2021/3/18 21:05,西湖区开锁换锁166 5712 6716,杭州开锁*166 5712 6716*杭州开锁换锁（鲁班开锁）经工商注册、公安备案、是一家正规专业的开锁公司，全天24小时优速上门开锁、修锁、换锁服务，专业开防盗门、保险箱、汽车锁、密码锁、文件柜、旅行箱、安装指纹锁、更换各类锁芯。,http://mp.weixin.qq.com/s?__biz=MzkwMjIwMTg5OQ==&mid=2247484141&idx=8&sn=cdf724b3d22c06f10808ded70989c55e&scene=6#wechat_redirect,,,非敏感,,,,,其他,优速,微信,广东
2021/3/18 21:05,西湖区开锁电话166 5712 6716,杭州开锁*166 5712 6716*杭州开锁换锁（鲁班开锁）经工商注册、公安备案、是一家正规专业的开锁公司，全天24小时优速上门开锁、修锁、换锁服务，专业开防盗门、保险箱、汽车锁、密码锁、文件柜、旅行箱、安装指纹锁、更换各类锁芯。,http://mp.weixin.qq.com/s?__biz=MzkwMjIwMTg5OQ==&mid=2247484141&idx=7&sn=1363d8056543ab37a22c330613e1af40&scene=0#wechat_redirect,,,非敏感,,,,,其他,优速,微信,广东
2021/3/18 21:05,杭州西湖区开锁166 5712 6716,杭州开锁*166 5712 6716*杭州开锁换锁（鲁班开锁）经工商注册、公安备案、是一家正规专业的开锁公司，全天24小时优速上门开锁、修锁、换锁服务，专业开防盗门、保险箱、汽车锁、密码锁、文件柜、旅行箱、安装指纹锁、更换各类锁芯。,http://mp.weixin.qq.com/s?src=11&timestamp=1616074785&ver=2954&signature=hnAbSTCitmnhWcQ0V-8ZlNINXnOCgO*YIEjrJTDeJZgJvo4T8fUpUFc0PBzh4IPZ8skXaXC6FgVW0BEm8ikcFtFaQ9N*iCIxNzfqWRnn8NeS4qI8KpJ-RKVYGmomSRLJ&new=1,,,非敏感,,,,,其他,优速,微信,广东
2021/3/18 21:04,金科・集美天悦3＃楼倾城热销，鎏金旺铺不负热望！,家，形水盒送高档定制水杯优速房源，限利秒杀漕逸打车，免费看病成交送品牌家电活动时间：,http://mp.weixin.qq.com/s?src=11&timestamp=1616076134&ver=2954&signature=LgLFdFp21Cyp6y*XtsWG12IcNRFAOUzDdXyPCLUQ36tby4wfI9h6XumTqLOOdByKzl23ygyr18c8kliYng86wVrg-QVtXfk2dZWY-aiznpVME7Zke8mim3kgHJy0gqL1&new=1,,,非敏感,,,,,其他,优速,微信,广东
2021/3/18 21:04,百世集团财报发布 快运业务成为其核心能力体现,但其快运业务逆周期的强势表现，无疑为百世集团注入一剂强心针，也让资本市场看到了百世快运的价值点与增长可能。逆周期增长：货运量全年增速超20%2020年，或许是零担快运自成行以来所遇的最差年景。,https://www.163.com/dy/article/G5DBBFKB051189P5.html,,,非敏感,,,,,其他,百世快运,网易号,广东
2021/3/18 21:04,百世集团财报发布 快运业务成为其核心能力体现,从百世集团2020年整体业绩来看，在疫情影响下表现相对平淡，但其快运业务逆周期的强势表现，无疑为百世集团注入一剂强心针，也让资本市场看到了百世快运的价值点与增长可能。逆周期增长：货运量全年增速超20%2020年，或许是零担快运自成行以来所遇的最差年景。,http://dy.163.com/v2/article/detail/G5DBBFKB051189P5.html,,,非敏感,,,,,其他,百世快运,网易号,广东
2021/3/18 21:04,百世集团财报发布 快运业务成为其核心能力体现,从百世集团2020年整体业绩来看，在疫情影响下表现相对平淡，但其快运业务逆周期的强势表现，无疑为百世集团注入一剂强心针，也让资本市场看到了百世快运的价值点与增长可能。逆周期增长：货运量全年增速超20%2020年，或许是零担快运自成行以来所遇的最差年景。,https://c.m.163.com/news/a/G5DBBFKB051189P5.html,,,非敏感,,,,,其他,百世快运,网易号,广东
2021/3/18 21:03,第十届中国城市物流发展年会在高安市举行,龚法生代表宜春市政府向年会的召开表示热烈祝贺，并指出，近年来，高安聚焦“车”跑世界、“云”聚高安，围绕“数字产业园、智慧物流城”的定位，打造了颇具规模的汽运物流产业园，引进了顺丰快运、安能物流等知名企业，物流产业正成为驱动全市经济大发展的强劲动力。,http://mp.weixin.qq.com/s?src=11&timestamp=1616073075&ver=2954&signature=OM5hCACzRQ13nA5jizLF2*cY*jGMl79iREWtV1ten*iDHm5MAUBBzPy0pZTfx9fsJ2Kq2A2nkVxaO*x2U-CfjOIA39VMIj3tSv6aSlQXNOKp65RBouUb7GCuBdEn7N-T&new=1,,,非敏感,,,,,其他,安能物流,微信,广东
2021/3/18 21:00,“杭州数字赋能公交公共服务标准化试点”等2个项目获批国家级标准化试点,杭州数字赋能公交公共服务标准化试点 杭州数字赋能公交公共服务标准化试点项目承担单位为杭州市公共交通集团有限公司，以打造“优服务、优数据、优速度、优智慧、优线网、优政策”六优体系为目标，着力推进特色公交、公交数据云图、公交云调度、云规划等方面建设，建设完善数字赋能公交服务标准化体系，打造杭州公交都市数字化建设样板工程。,https://www.dongchedi.com/article/6940978238743118373,,,非敏感,,,,,其他,优速,懂车帝,北京
2021/3/18 21:00,杭州数字赋能公交公共服务标准化试点 杭州数字赋能公交公共服务标准化试点项目承担单位为杭州市公共交通集团有限公司，以打造“优服务、优数据、优速度、优智慧、优线网、优政策”六优体系为目标，着力推进特色公交、公交数据云图、公交云调度、云规划等方面建设，建设完善数字赋能公交服务标准化体系，打造杭州公交都市 数字化 建设样板工程。,,https://www.toutiao.com/i6940978238743118373/,,,非敏感,,,,,其他,优速,今日头条,北京
2021/3/18 21:00,为了生活，出点力算得了什么#百世快运#我在岗位上 #打工生活 #别在吃苦的年纪选择安逸,为了生活，出点力算得了什么#百世快运#我在岗位上 #打工生活 #别在吃苦的年纪选择安逸 为了生活，出点力算得了什么#百世快运#我在岗位上 #打工生活 #别在吃苦的年纪选择安逸 碰到这些单票加座谁都迷糊全男女搭配干活不累小娘们挺有劲啊,https://www.iesdouyin.com/share/video/6940978142911794445,,,非敏感,,,,,其他,百世快运,抖音,北京
2021/3/18 20:59,加盟安能物流怎么样 可靠吗。怎么加盟？,加盟安能物流怎么样 可靠吗。怎么加盟？ 加盟安能物流怎么样 可靠吗。怎么加盟？,http://zhidao.baidu.com/question/1374930328866130699.html,,,非敏感,,,,,其他,安能物流,百度知道,北京
2021/3/18 20:57,2021年3月18日东丽区空港华明附近：最新招聘信息,了解（强制要 ?百世快运空港营业部招聘信息 岗位：派送员 公司地址：空港经济区环河西路19号 招聘要求：需有三年以上驾龄，驾驶证C1本、之前在快递和快运网点工作过的，有责任心上进心，对工作负责，在空港有资源优先 薪资待遇：底薪加提成、工资6000元左右 上班时间上午9点下午7点 联系人：程建中 联系电话：18322292225 ? 招聘保安员 年龄：55岁以下，男性 有保安证优先 工资2600元,http://mp.weixin.qq.com/s?__biz=MzU4NzQ4NTc3Nw==&mid=2247489265&idx=1&sn=4b2e910fd16d849d31aaa7cc8406d0ba&scene=0,,,非敏感,,,,,其他,百世快运,微信,广东
2021/3/18 20:55,用户着急用蚯蚓粪，用百世快运发货 #辽宁聚赢生态农业科技发展有限公司荣誉出品 #纯蚯蚓粪有机肥种植 #育苗基质,用户着急用蚯蚓粪，用百世快运发货 #辽宁聚赢生态农业科技发展有限公司荣誉出品 #纯蚯蚓粪有机肥种植 #育苗基质 用户着急用蚯蚓粪，用百世快运发货 #辽宁聚赢生态农业科技发展有限公司荣誉出品 #纯蚯蚓粪有机肥种植 #育苗基质,https://live.kuaishou.com/u/jy18009875000/3xvucaekr8tqquq,,,非敏感,,,,,其他,百世快运,快手,北京
2021/3/18 20:54,招聘信息,拉杆儿厂招拉杆儿组装工5名，引管儿工5名，工资计件，可月结 ，熟手优先 招弯框工3―5人，工资6000―9000元，最好熟手，管吃管住，男女均可 电话?? 15188775958 微信同步（3.18） ?安能物流招聘收件，派件人员若干名 ?? 限男性，45周岁以下，包吃住，? 工资4500起，上不封顶 ? 电话:,http://mp.weixin.qq.com/s?src=11&timestamp=1616074920&ver=2954&signature=axFXYzX*-h0VA0ZomU6FsIB7HiWzPcbauBaXh2d6OjC8TSA5I9B6TTG**1pQen4dGxH0y4nFS6iifRP3DaVE-Q7Weqy4AanH8ra2Oekve3ObJBAIMkejyhffvRBFjpjF&new=1,,,非敏感,,,,,其他,安能物流,微信,广东
2021/3/18 20:52,"个体工商注册机构,公司地址变更多少钱",杭州优速财务咨询有限公司从第一个客户就深知服务质量是公司的生命，只有客户满意，公司才能生存和发展，于是优速财务咨询所有的服务都严格按照规范的流程操作，坚持为客户提供专业、放心的财税服务。个体工商注册机构有许多个体户老总觉得，我办个营业执照，开个店，我就是堂堂正正的个体户了!,http://www.hdzc.net/hnews/iue4fia/508452048.html,,,中性,,,,,其他,优速,邯郸之窗,河北
2021/3/18 20:52,,,http://weibo.com/3230283772/K6IUJ8qKX,江苏建筑职业技术学院：#教育优速递#【#2025年江苏进全国前列高水平大学达20所#】日前，#江苏发布未来五年高水平大学建设方案#。《方案》提出，到2025年，江苏更多高校进入国家层面开展的一流大学和一流学科建设行列，进入全国前列的高水平大学达到20所，其中省属高校达到11所，省属高校中新增2－3个学科进入全国学科评估前10%。（via.@我苏特稿 ）http://t.cn/A6t3e1qf,,非敏感,,,,评论,,优速,新浪微博,
2021/3/18 20:52,3.18南龙湖最新招聘：岗位多，待遇好、离家近…每日更新60+热门岗位 | 免费求职 | 企业免费入驻,工资待遇：无责底薪+提成，月薪综合4000-15000（上不封顶）有销售经验者优先。限女性（年龄18到30）本地或毕业生优先工作时间：8：30一18：00中午管饭工作地址：文昌路双湖大道东双湖铭座顺心捷达货运门面房， （联系电话：15236390582） 【招聘】招客服、业务跟单员1、女性、做事有条理，口齿伶俐，形象气质佳；2、主要工作内容为辅助公司业务下单、跟踪定单进度，回访客户等；,http://mp.weixin.qq.com/s?src=11&timestamp=1616074620&ver=2954&signature=vfzHiF-h2G4IykPPEPmkWNrUlatKJh8srA7O*CkdrkFkzrKahvES*TALrEnRsd5JsxN*Bh-*yblUZH-L4VUex6FXdauY--OEuU7pHKcm32bxONZERdWKTtN1M1*YElOC&new=1,,,非敏感,,,,,其他,顺心捷达,微信,广东
2021/3/18 20:52,转发微博,,http://weibo.com/7169711835/K6NvcoLem,@江苏建筑职业技术学院 #教育优速递#【#2025年江苏进全国前列高水平大学达20所#】日前，#江苏发布未来五年高水平大学建设方案#。《方案》提出，到2025年，江苏更多高校进入国家层面开展的一流大学和一流学科建设行列，进入全国前列的高水平大学达到20所，其中省属高校达到11所，省属高校中新增2－3个学科进入全国学科评估前10%。（via.@我苏特稿 ）http://t.cn/A6t3e1qf,让我吃了你吗,非敏感,,0,0,转发,其他,优速,新浪微博,江苏
2021/3/18 20:51,行业盛会，刷新“高安物流”………,并指出，近年来，高安聚焦“车”跑世界、“云”聚高安，围绕“数字产业园、智慧物流城”的定位，打造了颇具规模的汽运物流产业园，引进了顺丰快运、安能物流等知名企业，物流产业正成为驱动全市经济大发展的强劲动力。,https://news.baidu.com/app/articles/9799183948405856487,,,非敏感,,,,,其他,安能物流,百度新闻,北京
2021/3/18 20:51,3.18南龙湖最新招聘：岗位多，待遇好、离家近…每日更新60+热门岗位 | 免费求职 | 企业免费入...,1.淘宝客服（淘宝客服接待，不打电话）。工资待遇：无责底薪+提成，月薪综合4000-15000（上不封顶）有销售经验者优先。限女性（年龄18到30）本地或毕业生优先 工作时间：8：30一18：00中午管饭 工作地址：文昌路双湖大道东双湖铭座顺心捷达货运门面房， （联系电话：15236390582） 【招聘】招客服、业务跟单员 1、女性、做事有条理，口齿伶俐，,http://mp.weixin.qq.com/s?src=11&timestamp=1616072073&ver=2954&signature=vfzHiF-h2G4IykPPEPmkWNrUlatKJh8srA7O*CkdrkFkzrKahvES*TALrEnRsd5JwbkN-i7QkRIu7BcsmKBoBc39E99TcZbK8-C9DCKdQnnsSKjwAxBXXwAZ-MBVaOcB&new=1,,,非敏感,,,,,其他,顺心捷达,微信,广东
2021/3/18 20:51,,,http://weibo.com/1574348005/K6NuNk017,@文森特动物园百世快运是不是找一些余生皆假期的人来送快递？怎么会这么慢？,相约Samarra,非敏感,,1,0,转发,其他,百世快运,新浪微博,浙江
2021/3/18 20:50,我可去你妈的吧 http://t.cn/A6tBlWro,,http://weibo.com/1808761310/K0uiriYI1,麦子仲肥-乱：强烈谴责下@安能物流@Ane官微安能物流的欺诈行为！ 前两天有一单重货要从佛山寄到四会，两隔壁的城市，从佛山转到广州，从广州转回佛山花了整整三天不说，还多收了我差不多一半的运费。据托运站说，私下打个私人的货车过来也就450的样子，而且还当天能到，我这何必找你们呢？ 本来老板建议是用货拉拉的，因为之前用过安能印象不错，后来对比了下安能/德邦/货拉拉，安能运价最便宜。... [ 查看更多 ][ 隐藏更多 ],,敏感,,,,评论,,安能物流,新浪微博,
2021/3/18 20:49,陪朋友逛超市买了一大袋零食然后去快递点寄给她朋友（因为她要过生日了）寄快递那里因为没有合适的箱子我俩等了很久，最后终于从别人刚拆的快递那里找到了个合适的。阿姨问我朋友，哪里都可以买的到零食为啥非得这么麻烦，她说是自己的一番心意嘛。（那个阿姨太不友好了，一直推荐优速快递，还说没有其他快递，还好我们没有信她的鬼话） 回图书馆的路上，,,http://weibo.com/7315198761/K6NumrFd4,,年少心事ing,中性,,0,0,原创,其他,优速,新浪微博,重庆
2021/3/18 20:46,智能驾驶与线控底盘研究团队成员：一种多车道交通中智能网联车辆的高效匝道汇入策略,最后，构建了分布式车道选择系统。 图3 最优车道选择决策 此外，我们提出了一种基于时间-能量最优控制的运动规划算法。为了减少车辆在预备区域内行驶的时间和油耗，将车辆在汇入区域行驶的动力学问题转化为运动规划问题，采用庞特里亚金极小值原理求解车辆的最优加速度剖面和最优速度剖面,http://mp.weixin.qq.com/s?src=11&timestamp=1616072111&ver=2954&signature=afrvoNN3Fwzan4UdJa3FpabEm8TTSKMK3LY-n*1S5ieo1vBLv-pHeYgwJu6pJVSzGo2x48my04d6uhLP6yk3-35j*ZQIPGAMNZlH5yDoQbtv12tOh*KonZ-XdWtgQx0A&new=1,,,非敏感,,,,,其他,优速,微信,广东
2021/3/18 20:45,赢华国际 长风公园旁 苏州河一线江景房 业主诚售 随时看,配套设施 住宅：天山河畔、河风丽景、仁恒河滨花园 酒店：莫泰酒店、格林豪泰商务酒店 餐饮：丰收日、潮府粥道、滨寿司、青年餐厅 商场：华联商城（吉买盛），国美电器，汇金百货，吉盛伟邦邮局：中国邮政速递物流(上海邮政全日送天山站) 快递：优速快递、韵达快递 银行：,https://sh.sydc.anjuke.com/xzl-shou/5607824672/,,,非敏感,,,,,其他,优速,安居客,山东
2021/3/18 20:44,2021上海到新郑物流专线全境快运,选择以加盟模式布局快运业务也需要承担一定的，顺丰与新邦物流合作成立的快运“顺心捷达”日前在广州举办合伙人招募大会，这也意味着顺心捷达项目正式成立，实际上，顺丰早在2015年就已开始布局重货快运业务。此次。被业内解读成加速布局快运市场的信号，分析认为。现阶段的快运市场多以加盟制为主，借此快速铺设市场，但诸如此前申通因合作方加盟网点出现问题。的快运业务停运风波，也是快运加盟模式的一大，联手新邦布局快运。,http://yjrb.com.cn/inews/ltwl8989/USR5s/30/9490509.html,,,非敏感,,,,,其他,顺心捷达,阳江新闻网,广东
2021/3/18 20:44,安能物流延误，一周不中转,安能物流延误，一周不中转安能物流延误，一周不中转 投诉编号： 17352617046 投诉对象：安能物流,https://tousu.sina.com.cn/complaint/view/17352617046/,,,敏感,,,,,政务 公安,安能物流,黑猫投诉,北京
2021/3/18 20:44,安能物流延误，一周不中转,安能物流延误，一周不中转安能物流延误，一周不中转 投诉编号： 17352617046 投诉对象：安能物流,https://tousu.sina.cn/complaint/view/17352617046/,,,敏感,,,,,政务 公安,安能物流,黑猫投诉,北京
2021/3/18 20:39,还记得我们第一次见面的地方么？#@金秀县安能物流,还记得我们第一次见面的地方么？#@金秀县安能物流还记得我们第一次见面的地方么？#@金秀县安能物流,https://www.iesdouyin.com/share/video/6940972714597322020,,,非敏感,,,,,其他,安能物流,抖音,北京
2021/3/18 20:35,[优速快递吧]优速快递，一路呵护所托！,派件员信息是空号 派件派了一天了 虽然有很多人在诋毁优速快递，但大家都能看到这只是一些出了问题的个别客户，中国有14亿人口，区区这几个小丑就能打败优速快递吗？很明显不可能，常在河边走哪能不湿鞋，谁能保证哪家快递没有出错的时候，“他们”一旦正常收到快递就没事，万一出差错就像疯狗一样攻击，像这样不尊重辛苦付出的快递员的人，有什么资格评价某快递，所以大家可以忽略某些喷子，只有互相体谅，才能共赢，优速是大家的不是你一个人的，所以优速没有义务为你一个人服务，切记！,https://tieba.baidu.com/p/4690712376?pid=138383766623#138383766623,虽然有很多人在诋毁优速快递，但大家都能看到这只是一些出了问题的个别客户，中国有14亿人口，区区这几个小丑就能打败优速快递吗？很明显不可能，常在河边走哪能不湿鞋，谁能保证哪家快递没有出错的时候，“他们”一旦正常收到快递就没事，万一出差错就像疯狗一样攻击，像这样不尊重辛苦付出的快递员的人，有什么资格评价某快递，所以大家可以忽略某些喷子，只有互相体谅，才能共赢，优速是大家的不是你一个人的，所以优速没有义务为你一个人服务，切记！！！,,非敏感,,,,转发,其他,优速,百度贴吧,北京
2021/3/18 20:34,大型户外购物人玻璃钢雕塑,大型户外购物人玻璃钢雕塑玻璃钢购物人物加工好后，为了运输安全，我们一般使用需要定制进行包装。综合价格和安全我公司安能物流。1.2米的玻璃钢购物人物非常好安装只需要遵照我公司发给您的安装图纸。,http://www.hdzc.net/qysx/x8xzy1o8/13681802.html,,,非敏感,,,,,其他,安能物流,邯郸之窗,河北
2021/3/18 20:34,回复@壹米捌伍的胖子:3,,http://weibo.com/3206511645/JBvY8cbFw,王成瑶退休啦：2021初级会计每天学习情况自检！（学习打卡专用）。 要求：打卡时间自便，打卡内容自便。 过程不重要，我只看结果。 打卡时间超过100天，且考试通过的同学，抽取6人，红包奖励，最高分1人，大红包奖励！,,非敏感,,,,评论,,壹米,新浪微博,
2021/3/18 20:31,吉林市最新企业招聘汇总【210318期】,招聘企业：吉林高新区天露通讯器材商店详情请扫二维码专、兼职销售服务人员薪资待遇：5000-8000元工作年限：不限学历要求：不限招聘人数：若干职位描述：招聘专职兼职销售服务人员，带薪培训。待遇优厚薪资累加记付，能力强者，短期即可月薪上万！福利待遇：交通补贴，餐补，话补，医保，社保，节日福利，年假，婚假， 招聘企业：吉林省壹米人力资源服务有限公司详情请扫二维码售后专员薪资待遇：,http://mp.weixin.qq.com/s?src=11&timestamp=1616077254&ver=2954&signature=Ean96vostOcEvWbJ89welnt8faPUSekg71zVSksBAg1iQA1KgeN-8nbK4WK5vmx62YziKRMSe-A9qI*C63S-zcibpY8M-Fx6gMPW9JZZtdgWkOGfwEtwzGHdVNulp7Ji&new=1,,,非敏感,,,,,其他,壹米,微信,广东
2021/3/18 20:30,滦州市开锁换锁修锁170 4446 4555,全天24小时优速上门开锁、修锁、换锁服务，专业开防盗门、保险箱、汽车锁、密码锁、文件柜、旅行箱、安装指纹锁、更换各类锁芯。,http://mp.weixin.qq.com/s?src=11&timestamp=1616074424&ver=2954&signature=WTyzmLFWQnnUgEQ8scLzomqJvQvG0FrvaFLao455uB*DX*VvP5Ld6rcRi1kXX94rq7hZvzkl1RTAJKYRjHDPs3VrDVC2G3ThzC--SBTYuv3O*VWwnKi0jK3mdk5ZRn21&new=1,,,非敏感,,,,,其他,优速,微信,广东
2021/3/18 20:30,遵化专业开保险柜锁170 4446 4555,遵化开锁换锁修锁*170 4446 4555*我家锁城经工商注册、公安备案、是一家正规专业的开锁公司，全天24小时优速上门开锁、修锁、换锁服务，专业开防盗门、保险箱、汽车锁、密码锁、文件柜、旅行箱、安装指纹锁、更换各类锁芯。,http://mp.weixin.qq.com/s?src=11&timestamp=1616074942&ver=2954&signature=WTyzmLFWQnnUgEQ8scLzomqJvQvG0FrvaFLao455uB8W835ul9YBWlG-634j2kvG6UAogtPCmBPeq8VZU-pJFs0lvkFsGVWqpFyk2XNKa8VyjhRsDFm123vCe8LAAeg1&new=1,,,非敏感,,,,,其他,优速,微信,广东
2021/3/18 20:30,遵化附近开锁师傅170 4446 4555,遵化开锁换锁修锁*170 4446 4555*我家锁城经工商注册、公安备案、是一家正规专业的开锁公司，全天24小时优速上门开锁、修锁、换锁服务，专业开防盗门、保险箱、汽车锁、密码锁、文件柜、旅行箱、安装指纹锁、更换各类锁芯。,http://mp.weixin.qq.com/s?src=11&timestamp=1616075628&ver=2954&signature=WTyzmLFWQnnUgEQ8scLzomqJvQvG0FrvaFLao455uB*2WxL6Y-pID-Gxeta7zX8ojjdBewga4tq3oP6xdVWUuRlfDZYUDicFIVbjaSBHd8BvT2Fw4uDSicfEaeesVRP3&new=1,,,非敏感,,,,,其他,优速,微信,广东
2021/3/18 20:30,迁安市开锁换锁修锁170 4446 4555,遵化开锁换锁修锁*170 4446 4555*我家锁城经工商注册、公安备案、是一家正规专业的开锁公司，全天24小时优速上门开锁、修锁、换锁服务，专业开防盗门、保险箱、汽车锁、密码锁、文件柜、旅行箱、安装指纹锁、更换各类锁芯。,http://mp.weixin.qq.com/s?__biz=Mzg4ODU2MTM2NA==&mid=2247486502&idx=8&sn=f9ce15a4185082ad834eb9f2c094db45&scene=0#wechat_redirect,,,非敏感,,,,,其他,优速,微信,广东
2021/3/18 20:30,遵化开锁换锁修锁170 4446 4555,遵化开锁换锁修锁*170 4446 4555*我家锁城经工商注册、公安备案、是一家正规专业的开锁公司，全天24小时优速上门开锁、修锁、换锁服务，专业开防盗门、保险箱、汽车锁、密码锁、文件柜、旅行箱、安装指纹锁、更换各类锁芯。,http://mp.weixin.qq.com/s?src=11&timestamp=1616121497&ver=2955&signature=xpt4i2KlEyJfFMC-CapvRAMFIeS4Gh*rS9kzs7UfWAuCW0OBKoqztecdEnIo88fJTnNGa337r1OVgs9a50lM9e5LwMrP9azQIssLS9*Mt7FTNBDXN6MxhgBlf2W-U8N*&new=1,,,非敏感,,,,,其他,优速,微信,广东
2021/3/18 20:30,遵化无损开汽车门锁170 4446 4555,遵化开锁换锁修锁*170 4446 4555*我家锁城经工商注册、公安备案、是一家正规专业的开锁公司，全天24小时优速上门开锁、修锁、换锁服务，专业开防盗门、保险箱、汽车锁、密码锁、文件柜、旅行箱、安装指纹锁、更换各类锁芯。,http://mp.weixin.qq.com/s?__biz=Mzg4ODU2MTM2NA==&mid=2247486502&idx=5&sn=1bc20574b058329c2a0aa7fe4c0cc575&scene=0#wechat_redirect,,,非敏感,,,,,其他 汽车,优速,微信,广东
2021/3/18 20:30,遵化专业换锁芯170 4446 4555,遵化开锁换锁修锁*170 4446 4555*我家锁城经工商注册、公安备案、是一家正规专业的开锁公司，全天24小时优速上门开锁、修锁、换锁服务，专业开防盗门、保险箱、汽车锁、密码锁、文件柜、旅行箱、安装指纹锁、更换各类锁芯。,http://mp.weixin.qq.com/s?src=11&timestamp=1616070854&ver=2954&signature=WTyzmLFWQnnUgEQ8scLzomqJvQvG0FrvaFLao455uB-j8XkkpkpfgRsyysZSC*WX1OishUeN3*YkhYBhefsAHz9Yf98hQ2iR00jIgHKgpWKq1vzd1DYVNriKsdw*9a**&new=1,,,非敏感,,,,,其他,优速,微信,广东
2021/3/18 20:30,2021年春节快递公司什么时候停 2021快递停发最新消息黑龙江北京辽宁吉林河北,4、2021年春节百世快运停运时间百世快运实行春节不打烊活动，2021年2月4日至2021年2月19日，百世快递将持续在运营、运输、售后等方面努力做好资源调度，全力保障快递服务质量，满足客户需求。5、中通快递,http://www.gai163.com/js/74542.html,,,非敏感,,,,,其他,百世快运,盖伊新闻网,广东
2021/3/18 20:30,纳兰世家2021年旗袍夏装 女装尾货走份批发货源,实际运费是物流到付的，默认发德邦物流和安能物流，如需发其他物流的请联系我。,http://mp.weixin.qq.com/s?src=11&timestamp=1616077281&ver=2954&signature=JSfgiPCH8lDEIetulycrKmqbmBHC5AXiViU0tMW98s7F9jUGmytH3DUSFTBEtGfNx8g3Aln-Vsu9l4KMdhLPBk0Gvbivoctnf*bTUHHgtiDo5dC7fYWrK735A2cUCjsE&new=1,,,非敏感,,,,,其他,安能物流,微信,四川
2021/3/18 20:30,[财富号评论吧]乘风东南亚 百世集团全年东南亚快递包裹量增长超七倍,其中，百世快递、百世快运的全年营业收入分别为194.2亿元、51.6亿元。2020全年，百世快递总包裹量同比增长12.7%，达到85.4亿件，市场份额为10.2%。 注意，百世集团的战略调整是在去年11月，所以衡量成效更应该关注第四季度，尤其是12月的业绩。从财报上看，百世集团自去年11月公布战略调整计划以来，全面优化各业务运营，取得了阶段性的成效。,"http://guba.eastmoney.com/news,gssz,1014514122.html",,,非敏感,,,,,其他,百世快运,股吧,上海
2021/3/18 20:30,乘风东南亚 百世集团全年东南亚快递包裹量增长超七倍,其中，百世快递、百世快运的全年营业收入分别为194.2亿元、51.6亿元。2020全年，百世快递总包裹量同比增长12.7%，达到85.4亿件，市场份额为10.2%。 注意，百世集团的战略调整是在去年11月，所以衡量成效更应该关注第四季度，尤其是12月的业绩。从财报上看，百世集团自去年11月公布战略调整计划以来，全面优化各业务运营，取得了阶段性的成效。,http://mguba.eastmoney.com/mguba/article/0/1014514122,,,非敏感,,,,,其他,百世快运,股吧,上海
2021/3/18 20:30,三彩丽雪2021年夏装 杭州一线大牌女装货源批发,不过大部分还是都有带原厂家三标的4、物流运费是客户自行承担的，实际运费是物流到付的，默认发德邦物流和安能物流，如需发其他物流的请联系我。,http://mp.weixin.qq.com/s?src=11&timestamp=1616070738&ver=2954&signature=JSfgiPCH8lDEIetulycrKmqbmBHC5AXiViU0tMW98s7kFBOrXSyC2py7DwiQZnNavpsq7ZwF6E*ADpuIrcPQt*Jy6nyCeK0LfxqH4oCyB3x7m-B71Hc*7nq7VBum0kvv&new=1,,,非敏感,,,,,其他,安能物流,微信,四川
2021/3/18 20:29,吉林市最新企业招聘汇总【210318期】,5000-8000元 工作年限：不限 学历要求：不限 招聘人数：若干 职位描述：招聘专职兼职销售服务人员，带薪培训。待遇优厚薪资累加记付，能力强者，短期即可月薪上万！ 福利待遇：交通补贴，餐补，话补，医保，社保，节日福利，年假，婚假， 招聘企业：吉林省壹米人力资源服务有限公司 详情请扫二维码 售后专员 薪资待遇：5000-8000元 工作年限：1年以下 学历要求：中专/技校 招聘人数：,http://mp.weixin.qq.com/s?__biz=MzI5NzE3NjQ5Ng==&mid=2649619018&idx=2&sn=743a16bb6eb2e2f8102d6d598ca5f406&scene=0,,,非敏感,,,,,其他,壹米,微信,广东
2021/3/18 20:29,【￥ 39】babycare 婴儿洗衣液1.8L，不含荧光剂，亲肤呵护，味道很清新，宝宝用着也放心。 二合一：http://t.cn/A6tBX4es,,http://weibo.com/5326415294/K6NlTlfAD,,傲娇小妹砸,非敏感,"http://wx4.sinaimg.cn/bmiddle/005Ot5W6ly1goobzqp6rcj308z0by3yv.jpg,http://wx3.sinaimg.cn/bmiddle/005Ot5W6ly1goobzqynmcj308z0bydfy.jpg,http://wx1.sinaimg.cn/bmiddle/005Ot5W6ly1goobzrcuzij308z0byweo.jpg",0,0,原创,其他,优速,新浪微博,北京
2021/3/18 20:27,金叶-兰花混合植料10包（物流发货,收货时付给物流公司。 2，百世快运发货；百世快运有网点的地方可以选择，运费60元，货是送到的，运费要先付我们，选择百世快运发货的买家要先联系我们。 另外（新疆，西藏，内蒙古，黑龙江，吉林，辽宁甘肃，宁夏，海南等省份运费要高些。价格另计。,https://www.hmlan.com/auction/auction_item_2021318202525629666.htm,,,非敏感,,,,,其他,百世快运,中国兰花交易网,广东
2021/3/18 20:26,江苏连云港百世快运物流到珠海市金湾区需要多少钱?,江苏连云港百世快运物流到珠海市金湾区需要多少钱? 江苏连云港百世快运物流到珠海市金湾区需要多少钱?,http://zhidao.baidu.com/question/1838560269997291900.html,,,非敏感,,,,,其他,百世快运,百度知道,北京
2021/3/18 20:26,高安市举行第十届中国城市物流发展年会！,引进了顺丰快运、安能物流等知名企业，物流产业正成为驱动全市经济大发展的强劲动力。中国城市物流发展大会再次在高安举行，给予高安乃至宜春巨大的发展机遇，宜春将以举办此次发展年会为契机，进一步优化营商环境，统筹推进物流业硬件软件建设，培育壮大具有竞争力、影响力的现代物流企业，推动物流产业数字化、智能化和平台化发展。,https://c.m.163.com/news/a/G5D96TI30534JHPX.html,,,非敏感,,,,,其他,安能物流,网易号,广东
2021/3/18 20:26,高安市举行第十届中国城市物流发展年会！,引进了顺丰快运、安能物流等知名企业，物流产业正成为驱动全市经济大发展的强劲动力。中国城市物流发展大会再次在高安举行，给予高安乃至宜春巨大的发展机遇，宜春将以举办此次发展年会为契机，进一步优化营商环境，统筹推进物流业硬件软件建设，培育壮大具有竞争力、影响力的现代物流企业，推动物流产业数字化、智能化和平台化发展。,http://dy.163.com/v2/article/detail/G5D96TI30534JHPX.html,,,非敏感,,,,,其他,安能物流,网易号,广东
2021/3/18 20:26,高安市举行第十届中国城市物流发展年会！,安能物流等知名企业，物流产业正成为驱动全市经济大发展的强劲动力。中国城市物流发展大会再次在高安举行，给予高安乃至宜春巨大的发展机遇，宜春将以举办此次发展年会为契机，进一步优化营商环境，统筹推进物流业硬件软件建设，培育壮大具有竞争力、影响力的现代物流企业，推动物流产业数字化、智能化和平台化发展。 袁和庚在致辞中代表市委、市政府，向出席本次大会的领导、嘉宾、业界同仁和媒体,https://www.163.com/dy/article/G5D96TI30534JHPX.html,,,非敏感,,,,,其他,安能物流,网易号,广东
2021/3/18 20:26,【招聘】包工 管吃 - 聊城圈,【招聘】包工 管吃 - 聊城圈 龙龙utJN安能物流招聘打包工数名，月工资6000以上，联系电话18563559333，微信同号，现男士，干过快递的优先，管吃，工作地点钢管城附近,https://tz.fafengtuqiang.cn/weizhan/article/109886167/31890796990/1564450/710184535660/0,,,非敏感,,,,,其他,安能物流,生活圈,山东
2021/3/18 20:26,“杭州数字赋能公交公共服务标准化试点”等2个项目获批国家级标准化试点,近日成功入选国家级第七批96个社会管理和公共服务综合标准化试点，占浙江省入选9个项目的22%。 杭州数字赋能公交公共服务标准化试点 杭州数字赋能公交公共服务标准化试点项目承担单位为杭州市公共交通集团有限公司，以打造“优服务、优数据、优速度、优智慧、优线网、优政策”六优体系为目标,http://wap.cztv.com/news/1197929.html,,,非敏感,,,,,政务,优速,中国蓝新网,浙江
2021/3/18 20:26,感谢一群朝气蓬勃的年青人，感谢粉丝信任#百世快运#打工生活 #生产车间 #我在岗位上,感谢一群朝气蓬勃的年青人，感谢粉丝信任#百世快运#打工生活 #生产车间 #我在岗位上 感谢一群朝气蓬勃的年青人，感谢粉丝信任#百世快运#打工生活 #生产车间 #我在岗位上 奉贤分拨文职团队今天有一对夫妻入职,https://www.iesdouyin.com/share/video/6940969343731748127,,,非敏感,,,,,其他,百世快运,抖音,北京
2021/3/18 20:25,【张掖头条人才网】张掖50家企业多岗招聘！,客房经理4500-6000元/月公司地址：张掖市甘州区滨河新区南路张掖市安能物流有限公司汽车、物流 | 10-30人年终奖 | 其他补助 | 节日福利 | 交通补贴物流客服（底薪+提成+奖金）2200-3000元/月,https://c.m.163.com/news/a/G5D958D10534DWB3.html,,,非敏感,,,,,其他,安能物流,网易号,广东
2021/3/18 20:25,【张掖头条人才网】张掖50家企业多岗招聘！,4500-6000元/月公司地址：张掖市甘州区滨河新区南路张掖市安能物流有限公司汽车、物流 | 10-30人年终奖 | 其他补助 | 节日福利 | 交通补贴物流客服（底薪+提成+奖金）2200-3000元/月送货司机（底薪+提成+奖金）,https://www.163.com/dy/article/G5D958D10534DWB3.html,,,非敏感,,,,,其他,安能物流,网易号,广东
2021/3/18 20:25,【张掖头条人才网】张掖50家企业多岗招聘！,客房经理4500-6000元/月公司地址：张掖市甘州区滨河新区南路张掖市安能物流有限公司汽车、物流 | 10-30人年终奖 | 其他补助 | 节日福利 | 交通补贴物流客服（底薪+提成+奖金）2200-3000元/月,http://dy.163.com/v2/article/detail/G5D958D10534DWB3.html,,,非敏感,,,,,其他,安能物流,网易号,广东
2021/3/18 20:25,【招聘】包工 管吃 - 聊城圈,【招聘】包工 管吃 - 聊城圈 龙龙utJN安能物流招聘打包工数名，月工资6000以上，联系电话18563559333，微信同号，现男士，干过快递的优先，管吃，工作地点钢管城附近,https://tz.fafengtuqiang.cn/weizhan/article/109886167/31890796728/1564450/710184535660/0,,,非敏感,,,,,其他,安能物流,生活圈,山东
2021/3/18 20:23,[优速快递吧] 垃圾优速快递“服务保障系统”是什么意思,[优速快递吧] 垃圾优速快递“服务保障系统”是什么意思 我买了个电脑椅子 北京到郑州5天了还没送到 今天下午显示派件 给的快递员信息还是空号 2021年了这种垃圾快递公司是怎么存活的 垃圾优速快递“服务保障系统”是什么意思，几天了，都不动一下,https://tieba.baidu.com/p/6396053587?pid=138383602201#138383602201,垃圾优速快递“服务保障系统”是什么意思，几天了，都不动一下,,敏感,,,,转发,其他,优速,百度贴吧,北京
2021/3/18 20:22,【国雅世家】夏装,收款方式：货品看中之后直接联系销售人员付全款或者定金就可以发货，定金是货款的百分之30%，余款物流代收，默认发德邦或安能物流，货到尾款付给物流公司就可以（注：尾款代收物流会收取千分之七左右的代收手续费。代收手续费由客户承担，如不愿出代收手续费可打全款发货）。,http://mp.weixin.qq.com/s?__biz=MzU4MTg2OTEwMQ==&mid=2247497779&idx=2&sn=ace2bb04a981d77613ef7dcd69e357af&scene=0,,,非敏感,,,,,其他,安能物流,微信,广东
2021/3/18 20:22,【凯撒贝雷】桑蚕丝全连衣裙,收款方式：货品看中之后直接联系销售人员付全款或者定金就可以发货，定金是货款的百分之30%，余款物流代收，默认发德邦或安能物流，货到尾款付给物流公司就可以（注：尾款代收物流会收取千分之七左右的代收手续费。代收手续费由客户承担，如不愿出代收手续费可打全款发货）。,http://mp.weixin.qq.com/s?__biz=MzU4MTg2OTEwMQ==&mid=2247497779&idx=1&sn=f6eb2efec3845beb959d8cbdb7268591&scene=0,,,非敏感,,,,,其他,安能物流,微信,广东
2021/3/18 20:22,【minette米糖】夏装 森马旗下品牌,产品图片 ★收款方式：货品看中之后直接联系销售人员付全款或者定金就可以发货，定金是货款的百分之30%，余款物流代收，默认发德邦或安能物流，货到尾款付给物流公司就可以（注：尾款代收物流会收取千分之七左右的代收手续费。,http://mp.weixin.qq.com/s?__biz=MzU4MTg2OTEwMQ==&mid=2247497779&idx=3&sn=1212cf7ee26e5e79af23d3f8cbe0eea6&scene=0,,,非敏感,,,,,其他,安能物流,微信,广东
2021/3/18 20:22,有事你说话。我们尽量改正做的最好#百世快运#团队精神 #打工生活,有事你说话。我们尽量改正做的最好#百世快运#团队精神 #打工生活 有事你说话。我们尽量改正做的最好#百世快运#团队精神 #打工生活 新员工座谈会我价Trustir,https://www.iesdouyin.com/share/video/6940968451477474567,,,非敏感,,,,,其他,百世快运,抖音,北京
2021/3/18 20:21,【干货】2020年最牛AI技术，各个都有代码,"Yolov4: Optimal speed and accuracy of object detection, 2020. arXiv:2004.10934 [cs.CV]. 2020年4月，Alexey Bochkovsky等人在论文“YOLOv4:目标检测的最优速度和精度”中正式引入了Yolo4。论文中算法的主要目标，是制作一个具有高质量、高精度的超高速目标探测器。",http://mp.weixin.qq.com/s?src=11&timestamp=1616071132&ver=2954&signature=5rRT3Ec6O0xLSIaEU6EQlUIkdLOXM3JzsPRvDNNzEzaxkmJA5y2UwYkG*h3LA32XuFFz2QMJAF70VxMTPqVALTPbnjxuUYV7HIIf2Olu5hqwvoepbMcBLTKyDiT5kqRy&new=1,,,非敏感,,,,,其他,优速,微信,广东
2021/3/18 20:19,吉林市最新企业招聘汇总【210318期】,5000-8000元 工作年限：不限 学历要求：不限 招聘人数：若干 职位描述：招聘专职兼职销售服务人员，带薪培训。待遇优厚薪资累加记付，能力强者，短期即可月薪上万！ 福利待遇：交通补贴，餐补，话补，医保，社保，节日福利，年假，婚假， 招聘企业：吉林省壹米人力资源服务有限公司 详情请扫二维码 售后专员 薪资待遇：5000-8000元 工作年限：1年以下 学历要求：中专/技校 招聘人数：,http://mp.weixin.qq.com/s?__biz=MzA4MTY1NTUxMg==&mid=2247492660&idx=2&sn=00bcfe2143f2058589d3cb97f1d1dc84&scene=0,,,非敏感,,,,,其他,壹米,微信,广东
2021/3/18 20:16,吉林市最新企业招聘汇总【210318期】,5000-8000元 工作年限：不限 学历要求：不限 招聘人数：若干 职位描述：招聘专职兼职销售服务人员，带薪培训。待遇优厚薪资累加记付，能力强者，短期即可月薪上万！ 福利待遇：交通补贴，餐补，话补，医保，社保，节日福利，年假，婚假， 招聘企业：吉林省壹米人力资源服务有限公司 详情请扫二维码 售后专员 薪资待遇：5000-8000元 工作年限：1年以下 学历要求：中专/技校 招聘人数：,http://mp.weixin.qq.com/s?__biz=MzA5NDU1OTM1Ng==&mid=2650621773&idx=2&sn=1adbe5be04717c6b02c85a9cb9b56883&scene=0,,,非敏感,,,,,其他,壹米,微信,吉林
2021/3/18 20:16,赵县妇联开展2021年“春风行动”暨“迎新春送温暖，稳岗留工”专项行动线上招聘活动（四）,百世快运（装卸员）：30人，5千-1万/月百世快运（分拣员）：10人，4000-6000元/月百世快运（大叉车员）：1人，4000-4800元/月 联系电话：王主管：15383999506（同微信） 夏主管：15630167606（同微信） 工作地址：河北省藁城区三峡路25号百世快运东成基地、塔元庄小区对面、553公交,http://mp.weixin.qq.com/s?__biz=MjM5Mzk3NDEyNQ==&mid=2451680343&idx=1&sn=498529912c65aaf794c550d5416d3b78&scene=0,,,非敏感,,,,,其他,百世快运,微信,河北
2021/3/18 20:14,顺丰，到底有多优秀？,顺丰的快运业务采用的是 “双品牌”策略 ，顺丰快运定位高时效、高质量及高服务体验的中高端市场，“顺心捷达”专注全网型中端快运市场，双品牌在运营模式及产品定位上互补，彼此业务融通，共同满足客户多元化需求。,https://c.m.163.com/news/a/G5D8G1340531AT43.html,,,非敏感,,,,,其他,顺心捷达,网易号,广东
2021/3/18 20:14,顺丰，到底有多优秀？,顺丰的快运业务采用的是 “双品牌”策略 ，顺丰快运定位高时效、高质量及高服务体验的中高端市场，“顺心捷达”专注全网型中端快运市场，双品牌在运营模式及产品定位上互补，彼此业务融通，共同满足客户多元化需求。,http://dy.163.com/v2/article/detail/G5D8G1340531AT43.html,,,非敏感,,,,,其他,顺心捷达,网易号,广东
2021/3/18 20:14,顺丰，到底有多优秀？,顺丰快运定位高时效、高质量及高服务体验的中高端市场，“顺心捷达”专注全网型中端快运市场，双品牌在运营模式及产品定位上互补，彼此业务融通，共同满足客户多元化需求。,https://www.163.com/dy/article/G5D8G1340531AT43.html,,,非敏感,,,,,其他,顺心捷达,网易号,广东
2021/3/18 20:13,顺心捷达～～新的起点，新的征途，加油！,顺心捷达～～新的起点，新的征途，加油！顺心捷达～～新的起点，新的征途，加油！ 5YFREIGHT顺心捷达电话：15609998518,https://www.iesdouyin.com/share/video/6940966206463626530,,,非敏感,,,,,其他,顺心捷达,抖音,北京
2021/3/18 20:13,（上接D21版）顺丰控股股份有限公司 关于2021年度对外担保额度预计的公告（下转D23版）,"020.02319,386.48342,372.52107.20%31,044.59-5,008.63北京顺心捷达供应链管理有限公司39,404.6944,305.50112.44%13,786.05-1,709.5866,267.1571,884.94108.48%12,506.73794.28杭州顺心捷达快运有限公司34,453.0939,417.22114.41%13,",http://e.zqrb.cn/html/2021-03/18/content_709109.htm,,,非敏感,,,,,其他,顺心捷达,证券日报网,北京
2021/3/18 20:12,吉林市最新企业招聘汇总【210318期】,招聘企业：吉林高新区天露通讯器材商店详情请扫二维码专、兼职销售服务人员薪资待遇：5000-8000元工作年限：不限学历要求：不限招聘人数：若干职位描述：招聘专职兼职销售服务人员，带薪培训。待遇优厚薪资累加记付，能力强者，短期即可月薪上万！福利待遇：交通补贴，餐补，话补，医保，社保，节日福利，年假，婚假， 招聘企业：吉林省壹米人力资源服务有限公司详情请扫二维码售后专员薪资待遇：,http://mp.weixin.qq.com/s?src=11&timestamp=1616083175&ver=2954&signature=5KbdTbxsmvye2VhIvJcQlg*kXYeWsIzJ8nAaXG3TH8bGYOPNWum-MrPRtwQGrrKEoPpAbNdxdvjjHKUODTeaIdDEQTmxYG3p-DR3q-6FSnq9NAXKbsyz7SV-J5W0akrk&new=1,,,非敏感,,,,,其他,壹米,微信,广东
2021/3/18 20:11,[财富号评论吧]乘风东南亚 百世集团全年东南亚快递包裹量增长超七倍,其中，百世快递、百世快运的全年营业收入分别为194.2亿元、51.6亿元。2020全年，百世快递总包裹量同比增长12.7%，达到85.4亿件，市场份额为10.2%。 注意，百世集团的战略调整是在去年11月，所以衡量成效更应该关注第四季度，尤其是12月的业绩。从财报上看，百世集团自去年11月公布战略调整计划以来，全面优化各业务运营，取得了阶段性的成效。,"http://guba.eastmoney.com/news,gssz,1014510207.html",,,非敏感,,,,,金融,百世快运,股吧,上海
2021/3/18 20:11,乘风东南亚 百世集团全年东南亚快递包裹量增长超七倍,其中，百世快递、百世快运的全年营业收入分别为194.2亿元、51.6亿元。2020全年，百世快递总包裹量同比增长12.7%，达到85.4亿件，市场份额为10.2%。 注意，百世集团的战略调整是在去年11月，所以衡量成效更应该关注第四季度，尤其是12月的业绩。从财报上看，百世集团自去年11月公布战略调整计划以来，全面优化各业务运营，取得了阶段性的成效。,http://mguba.eastmoney.com/mguba/article/0/1014510207,,,非敏感,,,,,其他,百世快运,股吧,上海
2021/3/18 20:11,乘风东南亚 百世集团全年东南亚快递包裹量增长超七倍,其中，百世快递、百世快运的全年营业收入分别为194.2亿元、51.6亿元。2020全年，百世快递总包裹量同比增长12.7%，达到85.4亿件，市场份额为10.2%。 注意，百世集团的战略调整是在去年11月，所以衡量成效更应该关注第四季度，尤其是12月的业绩。从财报上看，百世集团自去年11月公布战略调整计划以来，全面优化各业务运营，取得了阶段性的成效。,http://caifuhao.eastmoney.com/news/20210318201135325231840,,,非敏感,,,,,金融,百世快运,财富号,上海
2021/3/18 20:10,招人才！ 揭阳招聘信息集合，找工作看这里！,地址：渔湖仁辉路。联系电话13502605778 ??【京广快递招聘业务】京广快递，安能物流诚招业务，带有有C1车证工作时间下午1些点-晚上10点，待遇面谈，榕东渔湖周边优先录取联系电话：陈13542237704地址：榕城区 诚聘招：收银员，男女不限.工资待遇好.包吃住.全勤奖.有意向面议工作地址:阳美玉都联系电话:,http://mp.weixin.qq.com/s?__biz=MjM5NDc5Njk5Ng==&mid=2247496509&idx=3&sn=64610d8e53ff37a6850a46718e25d822&scene=0,,,非敏感,,,,,其他,安能物流,微信,广东
2021/3/18 20:09,吉林市最新企业招聘汇总【210318期】,5000-8000元 工作年限：不限 学历要求：不限 招聘人数：若干 职位描述：招聘专职兼职销售服务人员，带薪培训。待遇优厚薪资累加记付，能力强者，短期即可月薪上万！ 福利待遇：交通补贴，餐补，话补，医保，社保，节日福利，年假，婚假， 招聘企业：吉林省壹米人力资源服务有限公司 详情请扫二维码 售后专员 薪资待遇：5000-8000元 工作年限：1年以下 学历要求：中专/技校 招聘人数：,http://mp.weixin.qq.com/s?__biz=MzAxMDM4MzY3Mw==&mid=2648682555&idx=2&sn=9c9fd5bfcba532acd3179cffe0465ab9&scene=0,,,非敏感,,,,,其他,壹米,微信,广东
2021/3/18 20:08,快递物流：消费者最在乎最不满意的是速度,投诉数量排名前十的物流快递公司2020 年1 月1日至 2020 年 12 月31日收到物流快递行业投诉716条，涉及79家物流快递公司。投诉数量排名前十的物流快递公司依次为：顺丰速运、圆通、百世快递、中国邮政、中通、韵达、申通、京东快递、安能物流、德邦快递。,http://mp.weixin.qq.com/s?__biz=Mzg4OTU2MjMyOQ==&mid=2247487647&idx=2&sn=8ed80ea1ad096f54e5cf0c776d24376d&scene=6#wechat_redirect,,,敏感,,,,,其他,安能物流,微信,广东
2021/3/18 20:07,第十届中国城市物流发展年会在高安举行！,龚法生代表宜春市政府向年会的召开表示热烈祝贺，并指出，近年来，高安聚焦“车”跑世界、“云”聚高安，围绕“数字产业园、智慧物流城”的定位，打造了颇具规模的汽运物流产业园，引进了顺丰快运、安能物流等知名企业，物流产业正成为驱动全市经济大发展的强劲动力。,http://mp.weixin.qq.com/s?src=11&timestamp=1616069645&ver=2954&signature=Yb2tXQ3QC-m1CTWkIh5UAPGvmmpqom9B0h9imrKmbq-rWcl2xQFDwV8K4oMqQpSN4Y5m1fM8v*8OUPXeYPJobCEqk9FWf1c26Jpl*BIfS*KT-lftha*wmFORVC4vdG*p&new=1,,,非敏感,,,,,政务,安能物流,微信,江西
2021/3/18 20:07,【每日资讯】迁西发生的事儿（3月18日）,联系电话：13832865816?东来顺对面税务局家属院，三室两厅一卫，停车方便，朝阳有小园子可以种菜，三小学区房，门口带储物间，价格美丽！欢迎骚扰，中介勿扰！联系电话：18831590090PART7.二手交易?低价转让迁西县全境壹米滴答物流经营权，自有叉车一台，4.2货车2台，旺季可月发货量300吨以上。,http://mp.weixin.qq.com/s?src=11&timestamp=1616069650&ver=2954&signature=okI8g8Kf4sFRaV1WZromxL*6uFEu8cGtgv6n3Ytk2v*P3exMlGYvYpfnG34ZOGLDiDl8CiYW-e-WZ2kUjcpaRyUxk*nM5OEqGrpG8gfoCVoimvmvdocxPURfAbSHhSTc&new=1,,,非敏感,,,,,其他,壹米,微信,广东
2021/3/18 20:05,玻璃钢蘑菇雕塑,综合价格和安全我公司使用安能物流。80公分的玻璃钢蘑菇雕塑必须由专业人员安装。 玻璃钢蘑菇雕塑为了运输安全，我们推荐采用要重做模具进行包装。综合价格和安全我厂单车。2米以上的玻璃钢蘑菇雕塑不容易安装，安装时吊车及费用。正如您所闻，中雅雕塑玻璃钢造型雕塑厂生产的的雕刻工艺品已经遍及世界的每一个角落，深受广大艺术爱好者所青眯。,http://www.hdzc.net/qysx/x8xzy1o8/14290339.html,,,非敏感,,,,,其他,安能物流,邯郸之窗,河北
2021/3/18 20:04,回复@持m等待_____:都是仿vespa,,http://weibo.com/1657584975/K6MHc7QtI,小山渣_：,,非敏感,,,,评论,,壹米,新浪微博,
2021/3/18 20:03,,若仔细观察，会发现去年安能、百世快运、壹米滴答、中通快运等零担企业都有推出过一定时段的「打折促销」活动，也正是这些时期，各企业的货量峰值记录不断被刷新。从这些企业的促销期的宣传细节来看，促销区域多是新开直发线路区域，尤其是壹米滴答，其每次促销期都会推出几十甚至上百条直发线路。,https://www.china6688.com/a15159781630/news/20210318/5463197.html,,,非敏感,,,,,其他,"百世快运,壹米",顺发贸易网,河北
2021/3/18 20:01,【今日迁西】最新便民信息发布查看（3月18日）,姓名：刘女士，手机号：15130563168（微信同步）★迁西县城潘电小区对面营业中饭店转兑，接手即可营业，烧烤，火锅，中餐，设备齐全，一层二层大平米，房租一年两万，有意者电话或微信联系：17731485063（微信同号）二手物品★低价转让迁西县全境壹米滴答物流经营权，自有叉车一台，4.2货车2台，旺季可月发货量300吨以上。,http://mp.weixin.qq.com/s?src=11&timestamp=1616070794&ver=2954&signature=vHST4m80nU90uGPi0K-0WG4ffxY82HU5MtvWEKGY7DMLyAhwSPH1PiNK*JdWZOh4nyp*QoWylwg0X9ZfDnZpmHALxz5WHaNcSJOJfTKXTay5WX9yiOjEntXhCUd4fwgo&new=1,,,中性,,,,,其他,壹米,微信,河北
2021/3/18 20:00,薪资4000-6000元/月，五险+年终奖+生日购物卡等福利,温馨提示： 点击-公众号中【招聘快讯】，可以利用搜索岗位关键词查看近期招聘岗位，快速找到想要的招聘信息！海南优速捷网络服务有限公司 招聘岗位 网站编辑 【工作地点】：海口美兰区海甸三东路【薪资待遇】：4000-6000元/月,https://view.inews.qq.com/a/20210318A0D33800,,,非敏感,,,,,其他,优速,腾讯新闻企鹅号,广东
2021/3/18 20:00,薪资4000-6000元/月，五险+年终奖+生日购物卡等福利,五险+年终奖+生日购物卡等福利 温馨提示：点击-公众号中【招聘快讯】，可以利用搜索岗位关键词查看近期招聘岗位，快速找到想要的招聘信息！海南优速捷网络服务有限公司招聘岗位网站编辑【工作地点】：海口美兰区海甸三东路【薪资待遇】：4000-6000元/月【学历】：大专【年龄】：23-35岁【职位职责】：1、网站框架结构进行维护、改进完善，以满足新需求；,http://mp.weixin.qq.com/s?src=11&timestamp=1616068955&ver=2954&signature=gmwsC7D1ww72VPlJWZfqkIWqe6w0mI5oprqCDfdke2k1sjqjIY56AVguIZDYsBQEio4z6wtFXlOChDMth11Fi7B9ij1XBFE7Yfsb3YTT*T75oj15PCnjvQENmFeaKL*G&new=1,,,非敏感,,,,,其他,优速,微信,广东
2021/3/18 20:00,薪资4000-6000元/月，五险+年终奖+生日购物卡等福利,温馨提示： 点击-公众号中【招聘快讯】，可以利用搜索岗位关键词查看近期招聘岗位，快速找到想要的招聘信息！海南优速捷网络服务有限公司 招聘岗位 网站编辑 【工作地点】：海口美兰区海甸三东路【薪资待遇】：4000-6000元/月,https://new.qq.com/rain/a/20210318A0D33800,,,非敏感,,,,,其他,优速,腾讯新闻企鹅号,广东
2021/3/18 20:00,【3.18】包吃住，双休上五险，枣强一大波好工作要来了！,二维码 枣强壹米滴答物流招聘 薪资待遇：面议 工作年限：不限 学历要求：不限 招聘人数：1人 职位描述：枣强壹米滴答物流招聘：因货量增长，现需招聘客服，司机，装卸工各一名。有同行工作经验者优先，待遇从优。待遇：工资+饭补工作地点：枣强县东外环大化十字路口南行150米路东壹米滴答物流 福利待遇：-- 招聘企业：枣强壹米滴答物流 详情请扫二维码 天津奥东明建材招聘配送员 薪资待遇：3000-5000,http://mp.weixin.qq.com/s?src=11&timestamp=1616069975&ver=2954&signature=Pdx8Gef3HIvxPsWYwY03LED594PD9QmPONwgj3HYoGfPMwyUlRxs0FZa0MkGeHIhGsRlrQ46nI15Wa4WeRalN4ZsEQnhZQaHB16dB*ILDEVVeB2QAqAi2sNzGDa*iN*c&new=1,,,非敏感,,,,,其他,壹米,微信,河北
2021/3/18 20:00,兴盛优选（陕西区域）2021年3月19日秒杀/精选/新品/爆款好物,3出婚皂出好兜果蔬麦果蔬专场专场每天0点/10点准时开抢平台优速日选杏鲍菇250g/袋正负20g沃柑约2斤／袋正负0.1斤无情￥7.？改品纯￥7.？,http://mp.weixin.qq.com/s?src=11&timestamp=1616072663&ver=2954&signature=MGZs9SZsbhoFuGYpsbbenSrawDPhSEcYEppKjwOVrGw3NYeQAYr*cnv2YZx*ieP2T5MYqW3A*hAy7KU5wYcfGjPHG03fgqhtY1NN2kRmZMLJmlkNoFvel1tGtVhJRfZP&new=1,,,非敏感,,,,,其他,优速,微信,广东
2021/3/18 19:59,满洲里市、扎区旺铺出兑、转让等,（4.2）壹米滴答快运出兑 出兑壹米滴答快运。 联系电话：15648088666 （3.23） 彩票站出兑 彩票站诚心出兑。 联系电话：13947053708 （4.3） 麻辣小串出兑 五道街怡园小区门市，60平，设备齐全，接手即可营业，兑价面议。 联系电话：18847003692 （4.3） 饭店出兑 满洲里道北三道街西头饭店出兑，旅游季节有稳定客源，可提供经常合作,http://mp.weixin.qq.com/s?__biz=MzU3NDEwNTUyNQ==&mid=2247488445&idx=4&sn=68139d04add61af9832f11d6d02181da&scene=0,,,非敏感,,,,,其他,壹米,微信,内蒙古
2021/3/18 19:58,感觉这钱江壹米就是仿你这个滴 http://t.cn/A6tB0F2A,,http://weibo.com/1657584975/K6MHc7QtI,小山渣_：,,非敏感,,,,评论,,壹米,新浪微博,
2021/3/18 19:56,邮政快递笑笑不说话,,http://weibo.com/1656946103/K6EZTxxpt,文森特动物园：百世快运是不是找一些余生皆假期的人来送快递？怎么会这么慢？,,非敏感,,,,评论,,百世快运,新浪微博,
2021/3/18 19:56,顺丰，到底有多优秀？！,目前还处于规模化以及行业加速整合期，集中度当前仍较低，但随着双循环发展格局的推进，产业结构及消费不断升级，未来具备很大的市场发展和整合潜力，龙头公司将呈现集中度加速提升的路径。 顺丰的快运业务采用的是 “双品牌”策略 ，顺丰快运定位高时效、高质量及高服务体验的中高端市场，“顺心捷达”专注全网型中端快运市场，双品牌在运营模式及产品定位上互补，彼此业务融通，,https://3g.k.sohu.com/t/n522014954,,,非敏感,,,,,其他,顺心捷达,搜狐号,北京
2021/3/18 19:52,大型音乐人物铜雕市场价,人物铜雕摆件由于造型好看例如高1米的音乐人物铜雕摆件综合价格和安全我厂安能物流。1米的音乐人物铜雕摆件由专业人员安装，安装时吊车及费用，由甲方负责。安装费大概2000元。 大型音乐人物铜雕市场价 音乐人物铜雕摆件属于铜雕的一类，我们常常酒店看到这款雕塑。在酒店安放音乐人物铜雕摆件具有意义。在订购音乐人物铜雕摆件之前，要时间敲定的雕塑图纸。若是需方需要进一步深化图纸，我们会帮忙引荐美院老师,http://www.nntv.cn/inews/2021/nnxw_1/2452290.html,,,非敏感,,,,,其他,安能物流,老友网,广西
2021/3/18 19:52,不锈钢海豚雕塑新价格,不锈钢跳跃海豚雕塑属于不锈钢雕塑的一类我们厂会根据图纸计算价格。例如高2米以下的不锈钢跳跃海豚雕塑确保不锈钢跳跃海豚雕塑安全运到您的手中。综合价格和安全我厂安能物流。2米以下的不锈钢跳跃海豚雕塑不容易安装，安装时吊车及费用，由客户负责。安装费一般两千元。不锈钢跳跃海豚雕塑属于不锈钢雕塑的一种。认为：每一个不锈钢跳跃海豚雕塑都具有独特的含义。,http://www.nntv.cn/inews/jdibeef-1-2452288.html,,,非敏感,,,,,其他,安能物流,老友网,广西
2021/3/18 19:52,公园运动人物铜雕制作图,要是顾客要求重新设计雕塑图，厂免费推荐雕塑设计师。厂会按照图纸给出报价。例如高1米的铜雕运动人物，出厂价是2万左右。然后就是正式开始铜雕运动人物的制作。加工时间一般为3天左右。雕塑加工好后，我们在发货以前，采用有模具包装，保证铜雕运动人物安全运到您的手中。我们推荐您选用安能物流进行运输。1米的铜雕运动人物由专业人员安装，安装时吊车及费用，由雇主负责。,http://www.nntv.cn/inews/1/2452289.html,,,非敏感,,,,,其他,安能物流,老友网,广西
2021/3/18 19:51,青铜峡正品折扣批发韩版童装,蜜思莉芙米拉壹米粒金果果武林宾团田果果乐果果大头儿子小头爸爸小猪佩奇彩色笔韩尚糖糖安黎小镇早安花园森么洛小米幼米咪欧家芭巴芭瑞德牌等等，一直给外面供货，卖的都很好，一直想自己做，之前弄过，但是没弄起来，店铺就放那基本不管了，因此想弄但是一直没下定决心。基本到9月中旬决定冲一波，试试水。每天刷几单维持。基本为关键还是因为是工厂直通车一直没开过行就行店铺也没什么动销不开车店铺方面：基本没基础制定了下面,http://www.nntv.cn/inews/NzFhNGN-1-2452287.shtml,,,非敏感,,,,,其他,壹米,老友网,广西
2021/3/18 19:50,招客服，月休3天，4200以上,容桂招聘 招聘：百世快运客服 1、工作内容：日常客户查件信息回复，单据整理登记，入单打单，表格制作，电话处理问题件等 2、工作时间：下午1点到晚上9点半，月休3天 3、工作条件要求：认真负责，沟通能力强，熟练打字，,http://mp.weixin.qq.com/s?__biz=MzU2MTg4NzI5MA==&mid=2247489614&idx=2&sn=70027fc6d124434e3ad9efd68de5562c&scene=0,,,非敏感,,,,,其他,百世快运,微信,广东
2021/3/18 19:49,无锡尾货童装走份批发,壹米粒金果果武林宾团田果果乐果果大头儿子小头爸爸小猪佩奇彩色笔韩尚糖糖安黎小镇早安花园森么洛小米幼米咪欧家芭巴芭瑞德牌等等，带子不宜过长，以防宝宝被带子勒住或者绊住。随着宝宝长大，活动量加大，选择的衣服要适合宝宝运动。儿童夏装儿童夏装品牌儿童夏装品牌种类烦多。要求也不一样。好不要选择有系带的款式：不同年龄的宝宝要怎么选才能选到适合孩子的夏装呢？,http://www.nntv.cn/nnzx/NzFhN-1-1192016.html,,,非敏感,,,,,其他,壹米,老友网,广西
2021/3/18 19:48,2021上海到绥化危险品运输公司费用,从效率跟经营效果来看，快运市场还面临诸多挑战，传闻许久的顺丰快运项目终于露面，但对于以自营模式为主的顺丰来说，选择以加盟模式布局快运业务也需要承担一定的，顺丰与新邦物流合作成立的快运“顺心捷达”日前在广州举办合伙人招募大会，这也意味着顺心捷达项目正式成立，实际上，顺丰早在2015年就已开始布局重货快运业务。此次。,http://www.gzw.net/trade/ttxw/mwah3/422/178989913.html,,,非敏感,,,,,其他,顺心捷达,贵州网,贵州
2021/3/18 19:46,【3月18日便民信息】乐东1000个工作岗位，房屋租售、二手信息、找便民信息等，你想要的都在这,不压货、不丢货、稳稳到达，以下是京东5公斤至15公斤陆运价格表。如自行录单、打印面单、粘单、运输到指定站点价格好协商。大批量或承诺每天每月协议发货量（件数）价格更便宜（更优惠）。优速快递陆运水果（无售后、无回扣）每天抱由县城早上9点装车，九所镇中午12点装车，准时发货。以下是优速快递陆运水果价格表。空运请来电咨询根据货量（件数）定价格与指定快递空运。欢迎诸位来发货。联系电话,http://dy.163.com/v2/article/detail/G5D6TO1U051484B6.html,,,非敏感,,,,,其他,优速,网易号,广东
2021/3/18 19:46,【3月18日便民信息】乐东1000个工作岗位，房屋租售、二手信息、找便民信息等，你想要的都在这,不压货、不丢货、稳稳到达，以下是京东5公斤至15公斤陆运价格表。如自行录单、打印面单、粘单、运输到指定站点价格好协商。大批量或承诺每天每月协议发货量（件数）价格更便宜（更优惠）。优速快递陆运水果（无售后、无回扣）每天抱由县城早上9点装车，九所镇中午12点装车，准时发货。以下是优速快递陆运水果价格表。空运请来电咨询根据货量（件数）定价格与指定快递空运。欢迎诸位来发货。联系电话,https://c.m.163.com/news/a/G5D6TO1U051484B6.html,,,非敏感,,,,,其他,优速,网易号,广东
2021/3/18 19:46,【3月18日便民信息】乐东1000个工作岗位，房屋租售、二手信息、找便民信息等，你想要的都在这,如自行录单、打印面单、粘单、运输到指定站点价格好协商。大批量或承诺每天每月协议发货量（件数）价格更便宜（更优惠）。优速快递陆运水果（无售后、无回扣）每天抱由县城早上9点装车，九所镇中午12点装车，准时发货。以下是优速快递陆运水果价格表。空运请来电咨询根据货量（件数）定价格与指定快递空运。欢迎诸位来发货。联系电话  【招聘】,https://www.163.com/dy/article/G5D6TO1U051484B6.html,,,非敏感,,,,,其他,优速,网易号,广东
2021/3/18 19:40,转发！让更多人知道！外出就餐吃到异物得10倍赔偿,签连六港发布天票周经旅学 @人民日报3・15国际消费者权益日81个实用投诉电话连文发在天学点经款 @人眼快递服务顺丰快递95338申通快递95543中通快递95311韵达快递95546圆通快递95554BMS特快专递11183天天快递400-188-8888百世快递95320优速快递400-111-1119全峰快递400-698-0398宅急送400-678-9000速尔快递400-158-9888德邦快递95353京东物流9506163连发天经会 印出行服务一用车滴滴打车400-000-0999神州租车400-616-6666一嗨租车400-888-6608连云港发布点经旅学,http://mp.weixin.qq.com/s?src=11&timestamp=1616069884&ver=2954&signature=KGBiaWMqlZWpLrAd8WOvgzjjjWIZ70taihXHF1MocTB5BelspgzTlu8mvWGI-XflFxb77f2OxJHhTO0ZwCzIGIcqU3gsd8JXe*mp-SMmoNnA0eBllZy9KsIhxzSU8rmI&new=1,,,敏感,,,,,其他,优速,微信,内蒙古
2021/3/18 19:40,高安市举行第十届中国城市物流发展年会！,打造了颇具规模的汽运物流产业园，引进了顺丰快运、安能物流等知名企业，物流产业正成为驱动全市经济大发展的强劲动力。中国城市物流发展大会再次在高安举行，给予高安乃至宜春巨大的发展机遇，宜春将以举办此次发展年会为契机，进一步优化营商环境，统筹推进物流业硬件软件建设，培育壮大具有竞争力、影响力的现代物流企业，推动物流产业数字化、智能化和平台化发展。,https://wxpwghtongzhen.ganji.com/new/beadyforced/page/c/inwrapoutface/wechatSharingDetailNew?infoid=199425971,,,非敏感,,,,,其他,安能物流,赶集网,北京
2021/3/18 19:40,【3.18】迁安本地招聘｜求职信息（每日更新）,百世快运招送货司机两名，只限男性，年龄25―45周岁，底薪+饭补+全勤+保险。联系电话13111449111 59.招聘本厂招聘铝合金门窗制作安装工人若干名，男女不限，有销售经验业务员3名！要求：身体健康，人品好，吃苦耐劳，有责任心！本厂主要制作铝合金，断桥铝门窗阳光房！制作安装一体化。有经验者优先。带薪培训，待遇3000到10000，多劳多得，,http://mp.weixin.qq.com/s?__biz=Mzg5MDU4NzAxMQ==&mid=2247486540&idx=4&sn=c83fd813d41a4bb38c3395d7530feb95&scene=6#wechat_redirect,,,非敏感,,,,,其他,百世快运,微信,广东
2021/3/18 19:40,高安市举行第十届中国城市物流发展年会！,龚法生代表宜春市政府向年会的召开表示热烈祝贺，并指出，近年来，高安聚焦“车”跑世界、“云”聚高安，围绕“数字产业园、智慧物流城”的定位，打造了颇具规模的汽运物流产业园，引进了顺丰快运、安能物流等知名企业，物流产业正成为驱动全市经济大发展的强劲动力。,http://mp.weixin.qq.com/s?src=11&timestamp=1616068009&ver=2954&signature=ysAyo4cv7dqJFTAeDb5IHKyrJb1UR-Luxwu07eNI8Hkj7uFLUyjBZNwYoElfsBdETrLUcdpWaKFX9XBTFPHagYgtw2qR-QVpVYIz22TCn9Lq8WPA5rR0EiqXyDevJ5GV&new=1,,,非敏感,,,,,其他,安能物流,微信,河北
2021/3/18 19:40,米祖尾货怎么找 哪家女装折扣批发公司有米祖的尾货 品牌女装怎么找进货渠道 开一家品牌女装折扣店应该怎...,秋水伊人，曼德诗，白茶，歌莉娅，茵曼，小愚，巴宝莉等等.....公司应季都会上新不同风格的服装：欧美风，日系风，韩版，复古中国风，休闲，职场，潮流风格。应有尽有。每天都会上新不同品牌不同风格的服装。关于订购：公司可以定金预留，货到付款，定金代收。关于物流：公司多年一直和国内大型物流合作；德邦物流，安能物流等等....../br,http://mp.weixin.qq.com/s?__biz=Mzk0MzAzNDQyMA==&mid=2247514013&idx=7&sn=960d3d2ada05e3083a5e0a3b772f1213&scene=0,,,非敏感,,,,,其他,安能物流,微信,广东
2021/3/18 19:40,木帛女装刺绣连衣裙货源哪里有？女装品牌拿货进货渠道怎么找？女装批发，品牌女装货源，女装折扣拿货，女装...,应有尽有。每天都会上新不同品牌不同风格的服装。关于订购：公司可以定金预留，货到付款，定金代收。关于物流：公司多年一直和国内大型物流合作；德邦物流，安能物流等等......公司地址：广州市白云区石井镇石槎路981号A栋201号。,http://mp.weixin.qq.com/s?__biz=Mzk0MzAzNDQyMA==&mid=2247514013&idx=4&sn=901a9acbafe31ca44f9910fad775961b&scene=0,,,非敏感,,,,,其他,安能物流,微信,广东
2021/3/18 19:39,汕头冷链物流公司 汕头牛肉冷链物流,2015年，壹米滴答在网点加盟模式上做了延伸，以独特的区域平台加盟模式，搭建起了全国网络。这类加盟企业，利用成本优势。,http://www.nntv.cn/nnzx/36/1012349.html,,,非敏感,,,,,其他,壹米,老友网,广西
2021/3/18 19:36,稷山最新求职招聘、房屋租售、店铺转让信息汇总（3.18）,转让壹米滴答、专线物流另有600平米库房出租电话：17735930333【招聘信息】招聘??招聘??21°C食光西餐厅诚聘优秀服务员两名?♂?厨师两名??干净卫生、勤快、理解能力强 好沟通签订劳务合同，,http://mp.weixin.qq.com/s?src=11&timestamp=1616067641&ver=2954&signature=-36X*AklyO5yOV1Qe0zxS*YutI5jfp4gAMrDCnU6QZKgAWyW2ux847jqFDCr7xa2dt3KP-rR8MJC7VY52eX0HFUlc8M0Kj4MxOnBwkDQarB-Lex17w8uEcBcoWvxyRSf&new=1,,,非敏感,,,,,其他,壹米,微信,广东
2021/3/18 19:34,黄家将陕西秦椒油泼辣子香辣凉拌调料自制红油重庆油辣子超辣椒油 - 黄家将旗舰店,偏四川重庆口味的还是偏西安兰州口味的呢？ 华**步：个人感觉偏香辣 微辣怎么样？特别辣嘛？ 相**口：还行，沾黄瓜好吃！不是特别辣。但是不能买多！容易吃顶 你们是怎样看待安能物流的？ 钱**汉：没看法 味道好吗？？？急 在线等 杯**g：特别好吃 微辣的辣不辣？ 然**j：还行 中辣的拌凉菜辣度还可以吧 孟**！,http://www.gouwubar.com/item/index/iid/556484402566.html,,,非敏感,,,,,时尚,安能物流,女性时尚博客,福建
2021/3/18 19:31,有大格局，过小日子,郁郁葱葱。 他们布局了各种菜园、果园，依着时节劳作、耕耘、收获，实现了他当初的设想。 英子说： “活得越久，人生就会愈加美好。” 图片1｜壹米网线 ? 图片2｜然也10 ? 在所有人都往前冲的时代，,http://mp.weixin.qq.com/s?__biz=MzAwNTA1MTE5MQ==&mid=2653983786&idx=2&sn=211e2955f1193aa9c1dff81795900a6d&scene=0,,,非敏感,,,,,其他,壹米,微信,甘肃
2021/3/18 19:30,赵县开展“春风送岗位，就业暖民心” 2021年“春风行动”暨“就业援助月”网络招聘会（第十期）,百世快运（装卸员）：30人，5千-1万/月百世快运（分拣员）：10人，4000-6000元/月百世快运（大叉车员）：1人，4000-4800元/月 联系电话：王主管：15383999506（同微信） 夏主管：15630167606（同微信） 工作地址：河北省藁城区三峡路25号百世快运东成基地、塔元庄小区对面、553公交,http://mp.weixin.qq.com/s?__biz=MzA3NDY1MTk1Mw==&mid=2247485388&idx=1&sn=b521ad3651c4960884b272211ffc0f0a&scene=0,,,非敏感,,,,,其他,百世快运,微信,河北
2021/3/18 19:29,(4-丙酰基苯氧基)-乙酸,4物流配送：我公司默认快递优速，顺丰或圆通等其他物流公司。如需其他快递请跟客服联系。,https://www.biomart.cn/chanpin/499147.htm,,,非敏感,,,,,医疗,优速,丁香通,浙江
2021/3/18 19:29,监管通报新网银行“三宗罪”：举报数量惊人 如何善后？,去年12月底，富民银行发布公告称，享车平台运营商深圳优速物流信息科技有限公司未依约向该行贷款客户提供加油服务，其行为造成了富民银行及其客户的权益受损，富民银行已向公安机关报案。,http://www.jrwbs.com/article/news/4076.html,,,敏感,,,,,政务 公安,优速,金融晚报,北京
2021/3/18 19:27,一个零成本的线下赚钱小项目 从中赚差价一天赚千元,圆通 3.5，韵达 2.7 ，各地价格略有不同。 他们聚集在一起，按数量降低价格。 如果想低一点，选择小快递公司，比如极兔，优速等。 三年前，58哥写了一个项目。先联系快递公司，说一天有500个快递员。他能寄3块钱吗？你可以拿着快递单。,http://mp.weixin.qq.com/s?src=11&timestamp=1616067160&ver=2954&signature=eNiYVDBypmpMMtTWPUvZOSFFxX2PnnRmQvueLdLHMFSY6Z1ERPyRycZFlKfQwT1yfmpDp-8ibddE7xKhEMDE4*rOi01hqPyeJ-ikdy48avXAyN6v7C5EGTPOaziwwV5G&new=1,,,中性,,,,,其他,优速,微信,广东
2021/3/18 19:26,顺丰，到底有多优秀？！,顺丰的快运业务采用的是“双品牌”策略，顺丰快运定位高时效、高质量及高服务体验的中高端市场，“顺心捷达”专注全网型中端快运市场，双品牌在运营模式及产品定位上互补，彼此业务融通，共同满足客户多元化需求。,http://www.logclub.com/articleInfo/MzMxOTk=,,,非敏感,,,,,其他,顺心捷达,罗戈网,广东
2021/3/18 19:21,转发微博,,http://weibo.com/3230283772/K6IUJ8qKX,江苏建筑职业技术学院：#教育优速递#【#2025年江苏进全国前列高水平大学达20所#】日前，#江苏发布未来五年高水平大学建设方案#。《方案》提出，到2025年，江苏更多高校进入国家层面开展的一流大学和一流学科建设行列，进入全国前列的高水平大学达到20所，其中省属高校达到11所，省属高校中新增2－3个学科进入全国学科评估前10%。（via.@我苏特稿 ）http://t.cn/A6t3e1qf,,非敏感,,,,评论,,优速,新浪微博,
2021/3/18 19:21,转发微博,,http://weibo.com/5457683071/K6MUChqzN,@江苏建筑职业技术学院 #教育优速递#【#2025年江苏进全国前列高水平大学达20所#】日前，#江苏发布未来五年高水平大学建设方案#。《方案》提出，到2025年，江苏更多高校进入国家层面开展的一流大学和一流学科建设行列，进入全国前列的高水平大学达到20所，其中省属高校达到11所，省属高校中新增2－3个学科进入全国学科评估前10%。（via.@我苏特稿 ）http://t.cn/A6t3e1qf,乐啊于啊吕,非敏感,,0,0,转发,其他,优速,新浪微博,江苏
2021/3/18 19:21,转发微博,,http://weibo.com/5457683071/K6MUmzp9a,@江苏建筑职业技术学院 #教育优速递#【#五部委规范大学生互联网消费贷#】近日，中国银保监会等五部委联合发布通知：①明确#小贷公司不得发放大学生互联网消费贷#；②明确#未经批准设立机构不得提供大学生信贷服务#；③严厉打击针对大学生群体以套路贷、高利贷等方式实施的犯罪活动；④加大对非法拘禁、绑架、暴力催收等违法犯罪活动的打击力度…详戳网址：http://t.cn/A6t1Iyx9（via.@人民日报 ）,乐啊于啊吕,中性,http://wx4.sinaimg.cn/thumbnail/c08a37fcly1gontybl1dyj20c80e2jte.jpg,0,0,转发,政务 公安,优速,新浪微博,江苏
2021/3/18 19:21,转发微博,,http://weibo.com/3230283772/K6JgysokF,江苏建筑职业技术学院：#教育优速递#【#五部委规范大学生互联网消费贷#】近日，中国银保监会等五部委联合发布通知：①明确#小贷公司不得发放大学生互联网消费贷#；②明确#未经批准设立机构不得提供大学生信贷服务#；③严厉打击针对大学生群体以套路贷、高利贷等方式实施的犯罪活动；④加大对非法拘禁、绑架、暴力催收等违法犯罪活动的打击力度…详戳网址：http://t.cn/A6t1Iyx9（via.@人民日报 ）,,非敏感,,,,评论,,优速,新浪微博,
2021/3/18 19:20,快运猎场第77期,机不可失！联系电话：贺先生：13902749226田先生：13414271319皮先生：18302020503二、平台招商招商区域：浙江省全境招商类型：百世快运招一二级加盟商、出货口、承包区情况介绍：1、百世快运创立于2012年，是百世旗下知名零担物流品牌，拥有高品质、高时效全国快运网络；网络覆盖全行业第一；全国3000+车线直发；2、新网点充值返款，最高返5万；,http://mp.weixin.qq.com/s?src=11&timestamp=1616072801&ver=2954&signature=0F3rF*N-YjAM-uNxBW3qbUinrbxIcUz4aXDhjHXuqGwfTcihY9ck8BYN13cF-AErzGW8EjQX5nZdwCvzg9Roxw2W56eeXcAVqPBXyXfbUoKmQ4N4LMDgRwnrWOhwDCPL&new=1,,,非敏感,,,,,其他,"百世快运,壹米",微信,广东
2021/3/18 19:20,南山前海-大新北旧改-已经拆平,详情欢迎大家微信・电话咨询 深圳豪宅区-南山前海-大新北旧改-已经拆平-最新消息推平90%-现有少量面积出售，价优速从！！！ 南山区大新村城市更新项目：与前海形象相辉映的高大上街区 规划用地位于南山区南头街道。,http://m.szhome.com/500-500210-detail-178233916.html,,,非敏感,,,,,其他,优速,深圳房地产信息网,广东
2021/3/18 19:20,聚焦大件电商战略百世快运全年增速超20%,"聚焦大件电商战略百世快运全年增速超20% 上周,百世集团(BEST.US)发布2020年第四季度以及全年未经审计财务业绩报告。在财报发布的第二个交易日,百世集团宣布与国金涌富就5.17亿人民币的卡车租赁资产达成战略合作。连续动态后,百世集团股价一路震荡上行,自3月12日起截至昨日美股收盘,百世集团股价累计上涨超11%。 从百世集团2020年整体业绩来看,在",https://mbd.baidu.com/newspage/data/landingshare?context=%7b%22nid%22%3a%22news_10430527708430499958%22%7d,,,非敏感,,,,,其他,百世快运,百家号,北京
2021/3/18 19:20,聚焦大件电商战略百世快运全年增速超20%,"聚焦大件电商战略百世快运全年增速超20% 上周,百世集团(BEST.US)发布2020年第四季度以及全年未经审计财务业绩报告。在财报发布的第二个交易日,百世集团宣布与国金涌富就5.17亿人民币的卡车租赁资产达成战略合作。连续动态后,百世集团股价一路震荡上行,自3月12日起截至昨日美股收盘,百世集团股价累计上涨超11%。 从百世集团2020年整体业绩来看,在",https://baijiahao.baidu.com/s?id=1694568494527838841,,,非敏感,,,,,其他,百世快运,百家号,北京
2021/3/18 19:17,顺丰，到底有多优秀？,顺丰的快运业务采用的是 “双品牌”策略 ，顺丰快运定位高时效、高质量及高服务体验的中高端市场，“顺心捷达”专注全网型中端快运市场，双品牌在运营模式及产品定位上互补，彼此业务融通，共同满足客户多元化需求。,https://www.dongchedi.com/article/6940949135881142816,,,非敏感,,,,,其他,顺心捷达,懂车帝,北京
2021/3/18 19:17,顺丰的快运业务采用的是 “双品牌”策略 ，顺丰快运定位高时效、高质量及高服务体验的中高端市场，“顺心捷达”专注全网型中端快运市场，双品牌在运营模式及产品定位上互补，彼此业务融通，共同满足客户多元化需求。,,https://www.toutiao.com/i6940949135881142816/,,,非敏感,,,,,其他,顺心捷达,今日头条,北京
2021/3/18 19:16,顺丰，到底有多优秀？！,顺丰的快运业务采用的是“双品牌”策略，顺丰快运定位高时效、高质量及高服务体验的中高端市场，“顺心捷达”专注全网型中端快运市场，双品牌在运营模式及产品定位上互补，彼此业务融通，共同满足客户多元化需求。,https://new.qq.com/rain/a/20210318A0CGCW00,,,非敏感,,,,,其他,顺心捷达,腾讯新闻企鹅号,广东
2021/3/18 19:16,顺丰，到底有多优秀？！,顺丰的快运业务采用的是“双品牌”策略，顺丰快运定位高时效、高质量及高服务体验的中高端市场，“顺心捷达”专注全网型中端快运市场，双品牌在运营模式及产品定位上互补，彼此业务融通，共同满足客户多元化需求。,https://view.inews.qq.com/a/20210318A0CGCW00,,,非敏感,,,,,其他,顺心捷达,腾讯新闻企鹅号,广东
2021/3/18 19:15,顺丰，到底有多优秀？！,顺丰的快运业务采用的是 “双品牌”策略 ，顺丰快运定位高时效、高质量及高服务体验的中高端市场，“顺心捷达”专注全网型中端快运市场，双品牌在运营模式及产品定位上互补，彼此业务融通，共同满足客户多元化需求。,https://mbd.baidu.com/newspage/data/landingshare?context=%7b%22nid%22%3a%22news_9900284270113697619%22%7d,,,非敏感,,,,,其他,顺心捷达,百家号,北京
2021/3/18 19:15,顺丰，到底有多优秀？！,顺丰的快运业务采用的是 “双品牌”策略 ，顺丰快运定位高时效、高质量及高服务体验的中高端市场，“顺心捷达”专注全网型中端快运市场，双品牌在运营模式及产品定位上互补，彼此业务融通，共同满足客户多元化需求。,http://baijiahao.baidu.com/s?id=1694568173222224942,,,非敏感,,,,,其他,顺心捷达,百家号,北京
2021/3/18 19:14,校园不锈钢城市雕塑厂家直销,安能物流。2米以下的不锈钢城市雕塑非常好安装只需要按照我公司发给您的安装文档，可以自己安装。 不锈钢雕塑熔铸了时代、精神、集体意识和个人性情，并与周边的建筑、广场、道路、桥梁等公共设施应和谐一致。中雅雕塑不锈钢雕塑有好的产品和专业的团队，公司发展迅速，我们为客户提供优质的产品、良好的技术支持、健全的售后服务。中雅雕塑不锈钢雕塑拥有良好的生产条件，,http://www.nntv.cn/inews/ZjVkNjE/1/2452105.shtml,,,非敏感,,,,,其他,安能物流,老友网,广西
2021/3/18 19:14,顺丰，到底有多优秀？！,目前还处于规模化以及行业加速整合期，集中度当前仍较低，但随着双循环发展格局的推进，产业结构及消费不断升级，未来具备很大的市场发展和整合潜力，龙头公司将呈现集中度加速提升的路径。 顺丰的快运业务采用的是“双品牌”策略，顺丰快运定位高时效、高质量及高服务体验的中高端市场，“顺心捷达”专注全网型中端快运市场，双品牌在运营模式及产品定位上互补，彼此业务融通，,https://k.sina.cn/article_1881607345_70270cb100100sd4e.html?kdurlshow=1,,,非敏感,,,,,其他,顺心捷达,新浪看点,北京
2021/3/18 19:14,"顺丰, 到底有多优秀? !",顺丰快运定位高时效、高质量及高服务体验的中高端市场，“顺心捷达”专注全网型中端快运市场，双品牌在运营模式及产品定位上互补，彼此业务融通，共同满足客户多元化需求。,https://iflow.uc.cn/ucnews/news?app=ucnews-iflow&aid=17389077701595657328,,,非敏感,,,,,其他,顺心捷达,uc客户端,北京
2021/3/18 19:14,顺丰，到底有多优秀？！,顺丰的快运业务采用的是“双品牌”策略，顺丰快运定位高时效、高质量及高服务体验的中高端市场，“顺心捷达”专注全网型中端快运市场，双品牌在运营模式及产品定位上互补，彼此业务融通，共同满足客户多元化需求。,https://t.cj.sina.com.cn/articles/view/1881607345/70270cb100100sd4e,,,非敏感,,,,,其他,顺心捷达,财经头条,北京
2021/3/18 19:14,顺丰，到底有多优秀？！,顺丰的快运业务采用的是 “双品牌”策略 ，顺丰快运定位高时效、高质量及高服务体验的中高端市场，“顺心捷达”专注全网型中端快运市场，双品牌在运营模式及产品定位上互补，彼此业务融通，共同满足客户多元化需求。,http://t.10jqka.com.cn/pid_152700269.shtml,,,非敏感,,,,,金融,顺心捷达,同花顺财经,浙江
2021/3/18 19:13,顺丰，到底有多优秀？！,顺丰快运定位高时效、高质量及高服务体验的中高端市场，“顺心捷达”专注全网型中端快运市场，双品牌在运营模式及产品定位上互补，彼此业务融通，共同满足客户多元化需求。,http://mp.weixin.qq.com/s?src=11&timestamp=1616068374&ver=2954&signature=h8ILrzwADed6gFmwb6xn-HT71B7wOCCivzi31AaSzKvXGumVQZvguIDIF9j6jUxLD9NIPMDl2x*38ApVVub0gU0uolFwx-em7nLJqyc7nkMs7fPsMVWcaA3AHKi0*AxW&new=1,,,非敏感,,,,,其他,顺心捷达,微信,福建
2021/3/18 19:13,顺丰，到底有多优秀？！,顺丰的快运业务采用的是 “双品牌”策略 ，顺丰快运定位高时效、高质量及高服务体验的中高端市场，“顺心捷达”专注全网型中端快运市场，双品牌在运营模式及产品定位上互补，彼此业务融通，共同满足客户多元化需求。,http://www.sohu.com/a/456261340_168370,,,非敏感,,,,,其他,顺心捷达,搜狐号,北京
2021/3/18 19:13,,若仔细观察，会发现去年安能、百世快运、壹米滴答、中通快运等零担企业都有推出过一定时段的「打折促销」活动，也正是这些时期，各企业的货量峰值记录不断被刷新。从这些企业的促销期的宣传细节来看，促销区域多是新开直发线路区域，尤其是壹米滴答，其每次促销期都会推出几十甚至上百条直发线路。,https://www.china6688.com/a15159781630/news/20210318/5462611.html,,,非敏感,,,,,其他,"百世快运,壹米",顺发贸易网,河北
2021/3/18 19:13,不锈钢蟠桃祈福广场雕塑图片,我们推荐您选用安能物流进行运输。2米以下的大型不锈钢广场雕塑安装很容易只需要依照我们发给您的安装图纸，可以自己安装。 大型不锈钢广场雕塑属于不锈钢雕塑的一类，人们常常城市见到这个雕塑。在城市安置这样的雕塑具有意义。在订购大型不锈钢广场雕塑的时候，要时间敲定后设计图。如果顾主想要再次深化雕塑图，我们会帮忙引荐设计大师。,http://www.nntv.cn/inews/2021/nnxw_1/2452099.html,,,非敏感,,,,,其他,安能物流,老友网,广西
2021/3/18 19:13,,,http://weibo.com/3230283772/K5XQUbPB8,江苏建筑职业技术学院：#教育优速递#【#江苏将劳动素养作为毕业升学参考依据#】江苏省委办公厅近日印发《关于全面加强新时代大中小学劳动教育的实施意见》，明确将劳动素养纳入学生综合素质评价体系，作为学生评优评先、毕业升学的重要参考或依据。 江苏将分段实施大中小学劳动教育，探索劳动教育学分制。家庭要鼓励孩子利用双休日或节假日参与劳动，确保中小学生每周家庭劳动时间不少于2小时，每... [ 查看更多 ][ 隐藏更多 ],,非敏感,,,,评论,,优速,新浪微博,
2021/3/18 19:13,,,http://weibo.com/5987874979/K6MR3csRI,@江苏建筑职业技术学院 #教育优速递#【#江苏将劳动素养作为毕业升学参考依据#】江苏省委办公厅近日印发《关于全面加强新时代大中小学劳动教育的实施意见》，明确将劳动素养纳入学生综合素质评价体系，作为学生评优评先、毕业升学的重要参考或依据。江苏将分段实施大中小学劳动教育，探索劳动教育学分制。家庭要鼓励孩子利用双休日或节假日参与劳动，确保中小学生每周家庭劳动时间不少于2小时，每年... [ 查看更多 ][ 隐藏更多 ],刘刘不高兴,非敏感,http://wx3.sinaimg.cn/thumbnail/c08a37fcly1goi0mqmgyaj21900u0juc.jpg,0,0,转发,其他,优速,新浪微博,北京
2021/3/18 19:13,“杭州数字赋能公交公共服务标准化试点”等2个项目获批国家级标准化试点,占浙江省入选9个项目的22%。 杭州数字赋能公交公共服务标准化试点 杭州数字赋能公交公共服务标准化试点项目承担单位为杭州市公共交通集团有限公司，以打造“优服务、优数据、优速度、优智慧、优线网、优政策”六优体系为目标，着力推进特色公交、公交数据云图、公交云调度、云规划等方面建设，建设完善数字赋能公交服务标准化体系，,https://kandianshare.html5.qq.com/v2/news/1489577012243800386,,,非敏感,,,,,其他,优速,腾讯网,北京
2021/3/18 19:13,如何看待realme官宣3月31日正式发布搭载天玑1200的真我GT Neo，Neo的定位是什么？,另外它还支持双卡双待的功能，这样就更方便了大家工作和家庭号的使用。运行着Android11这个系统，更优速，据资料显示手机大概尺寸为159.9×73.4×7.8mm，手感应该不错呢。对于这款偏年轻化的高性能手机，而且还非常的潮，年轻人应该都抵挡不住 这样的诱惑吧。价位估计会应该在2999～3999之间，毕竟这样的价格大家的接受度比较高，而且会觉得非常超值哦。,https://www.zhihu.com/question/449856012/answer/1787227973,,,非敏感,,,,,其他,优速,知乎,北京
2021/3/18 19:10,大型景观玻璃钢仿铜人物雕塑,为了确保公园铜雕景观完整到达客户那里，润艺雕塑采用要重做模具包装。我们推荐您选用安能物流进行运输。1.8米的公园铜雕景观比较小，只需要按照我厂给的安装视频。 大型景观玻璃钢仿铜人物雕塑{短句润艺铜雕工艺中心我们是自产自销，中间无需过手，价格合理，薄利多销，承接贵单位来样定制，并帮助设计策划图案。{短句图片}{产品,http://www.hdzc.net/qysx/geyldd1/14286217.html,,,非敏感,,,,,其他,安能物流,邯郸之窗,河北
2021/3/18 19:10,大连招聘信息|3月18日大连兼职全职招聘信息，点击了解更多,【薪资待遇】140元/天（日结） 【工作时间】长期18：00~6：00 【工作地点】大连西北路顺心捷达京东快递小时工招聘岗位 : 保安，体力劳动！,http://mp.weixin.qq.com/s?__biz=MzU1NzI0NjYzOQ==&mid=2247483865&idx=1&sn=c25f56360b56958efff2f58baf85488f&scene=0,,,非敏感,,,,,其他,顺心捷达,微信,广东
2021/3/18 19:09,,若仔细观察，会发现去年安能、百世快运、壹米滴答、中通快运等零担企业都有推出过一定时段的「打折促销」活动，也正是这些时期，各企业的货量峰值记录不断被刷新。从这些企业的促销期的宣传细节来看，促销区域多是新开直发线路区域，尤其是壹米滴答，其每次促销期都会推出几十甚至上百条直发线路。,https://www.china6688.com/a15159781630/news/20210318/5462562.html,,,非敏感,,,,,其他,"百世快运,壹米",顺发贸易网,河北
2021/3/18 19:08,今日20条（3月18日）,12、雪花啤酒招聘镇内司机2名，电话13081892989 13、金峰街朝天骄砂锅居 招聘厨房勤杂工两名 30_50左右岁均可 ??18831451787 14、围场安能物流招聘：客服，派件员。,http://mp.weixin.qq.com/s?__biz=MzU5MDI1MDU4NQ==&mid=2247521864&idx=4&sn=b25209872ddf9ff9d162684f3578b03f&scene=0,,,非敏感,,,,,其他,安能物流,微信,广东
2021/3/18 19:07,项目推出后，由于资金被挪用，无法为消费者提供正常加油服务，导致众多金融消费者投诉。据调查，该项目逾期率高达97%。重庆市消委会多次约谈富民银行，督促其妥善解决消费者投诉，切实维护消费者合法权益。据了解，上述提到的富民银行遭众多金融消费者投诉事件即去年发生的“享车APP暴雷事件”。去年12月底，富民银行发布公告称，享车平台运营商深圳优速物流信息科技有限公司未依约向,,https://www.toutiao.com/i6940949178499629582/,,,敏感,,,,,政务 公安,优速,今日头条,北京
2021/3/18 19:07,车贷举报数量惊人！监管通报新网银行"三宗罪"，美利车金融梦魇仍在，如何善后？,无法为消费者提供正常加油服务，导致众多金融消费者投诉。据调查，该项目逾期率高达97%。重庆市消委会多次约谈富民银行，督促其妥善解决消费者投诉，切实维护消费者合法权益。据了解，上述提到的富民银行遭众多金融消费者投诉事件即去年发生的“享车APP暴雷事件”。去年12月底，富民银行发布公告称，享车平台运营商深圳优速物流信息科技有限公司未依约向该行贷款客户提供加油服务,https://www.dongchedi.com/article/6940949178499629582,,,敏感,,,,,政务 公安,优速,懂车帝,北京
2021/3/18 19:06,浅秋21年夏新直播实体流量必备之一尾货撤柜女装品牌浅秋杭州哪里有广州石井尾货市场怎么找,关于订购：公司为了更好的合作，第一次定金预留货品，发货代收、收到货品不喜欢是可以在收到货品（三天内）退换的。 关于物理：公司常年和国内大型物流公司合作：常用的，安能物流、邦德物流等。,http://mp.weixin.qq.com/s?__biz=Mzg4NTU4Mjc3Mg==&mid=2247485329&idx=4&sn=8eb04f684b6301c771e4303d2de5e056&scene=6#wechat_redirect,,,非敏感,,,,,其他,安能物流,微信,广东
2021/3/18 19:06,金蝶茜妮21年夏品牌尾货女装撤柜走份金蝶茜妮广州怎么找杭州哪里有撤柜女装尾货批发,关于物理：公司常年和国内大型物流公司合作：常用的，安能物流、邦德物流等。 经营宗旨：本公司所有产品图片，均为展厅现场实拍图，以确保货品的真实性。 本公司所批发的份货，均为厂家原始比例的产品，不做动态比例走份。,http://mp.weixin.qq.com/s?__biz=Mzg4NTU4Mjc3Mg==&mid=2247485329&idx=2&sn=e6148db4328ae7018791bb842fca448d&scene=6#wechat_redirect,,,非敏感,,,,,其他,安能物流,微信,广东
2021/3/18 19:06,意澳21年夏新流量女装尾货必备之一撤柜品牌意澳杭州广州哪里有高端女装撤柜货源批发,关于物理：公司常年和国内大型物流公司合作：常用的，安能物流、邦德物流等。 经营宗旨：本公司所有产品图片，均为展厅现场实拍图，以确保货品的真实性。 本公司所批发的份货，均为厂家原始比例的产品，不做动态比例走份。,http://mp.weixin.qq.com/s?__biz=Mzg4NTU4Mjc3Mg==&mid=2247485329&idx=5&sn=859ed9230fe587bed00d7299fd17d461&scene=6#wechat_redirect,,,非敏感,,,,,其他,安能物流,微信,广东
2021/3/18 19:06,卡蔓21年夏新，女装撤柜品牌尾货广州，哪里有杭州怎么找卡蔓品牌尾货撤柜批发走份,关于订购：公司为了更好的合作，第一次定金预留货品，发货代收、收到货品不喜欢是可以在收到货品（三天内）退换的。 关于物理：公司常年和国内大型物流公司合作：常用的，安能物流、邦德物流等。 经营宗旨：本公司所有产品图片，均为展厅现场实拍图，以确保货品的真实性。,http://mp.weixin.qq.com/s?__biz=Mzg4NTU4Mjc3Mg==&mid=2247485329&idx=1&sn=05805e4e60715da132d1da86c6a5e080&scene=6#wechat_redirect,,,非敏感,,,,,其他,安能物流,微信,广东
2021/3/18 19:06,底色21年夏新尾货品牌直播实体流量品质女装底色广州石井哪家有杭州哪里有撤柜货源批发,关于物理：公司常年和国内大型物流公司合作：常用的，安能物流、邦德物流等。 经营宗旨：本公司所有产品图片，均为展厅现场实拍图，以确保货品的真实性。 本公司所批发的份货，均为厂家原始比例的产品，不做动态比例走份。,http://mp.weixin.qq.com/s?src=11&timestamp=1616067798&ver=2954&signature=aMd*9jbdEqvUeuwPTIL1eUhnzO8FpYBvayb6ZZQsFq-8xOestO3BtBkbwszSkzZD54olSi-k4cEkvIjv6FwaCRmo**mlV1Nxb6bEOmZUIdGRSWgqS1FpntxPQeXHDa85&new=1,,,非敏感,,,,,其他,安能物流,微信,广东
2021/3/18 19:06,曼秀缤纷21年新实体直播流量必备神货之一广州杭州怎么找哪里有女装品牌撤柜货源,关于物理：公司常年和国内大型物流公司合作：常用的，安能物流、邦德物流等。 经营宗旨：本公司所有产品图片，均为展厅现场实拍图，以确保货品的真实性。 本公司所批发的份货，均为厂家原始比例的产品，不做动态比例走份。,http://mp.weixin.qq.com/s?__biz=Mzg4NTU4Mjc3Mg==&mid=2247485329&idx=7&sn=e7511635c387430f1e77a8437929f222&scene=6#wechat_redirect,,,非敏感,,,,,其他,安能物流,微信,广东
2021/3/18 19:06,艾蜜唯娅21新高端女装撤柜品牌尾货撤柜女装艾蜜唯娅广州杭州哪里好怎么找一手货源,安能物流、邦德物流等。 经营宗旨：本公司所有产品图片，均为展厅现场实拍图，以确保货品的真实性。 本公司所批发的份货，均为厂家原始比例的产品，不做动态比例走份。,http://mp.weixin.qq.com/s?__biz=Mzg4NTU4Mjc3Mg==&mid=2247485329&idx=8&sn=7c248a8db5bab26c85837daf00284d4b&scene=6#wechat_redirect,,,非敏感,,,,,其他,安能物流,微信,广东
2021/3/18 19:06,松江河便民号码,6326003圆通 ：店里电话6216777取件电话6700828优速快递:158-4392-2112申通（阳光小区对面）0439-5076669 156-6299-8025全峰132-1439-5516 132-1439-9223天天快递 159-4393-2697，155-8496-9662,http://mp.weixin.qq.com/s?__biz=MzAwMTE3NDk5Nw==&mid=2651723423&idx=8&sn=46dfa238ac95eccf248c8a2289400a90&scene=0,,,非敏感,,,,,政务,优速,微信,广东
2021/3/18 19:05,[财富号评论吧]乘风东南亚 百世集团全年东南亚快递包裹量增长超七倍,其中，百世快递、百世快运的全年营业收入分别为194.2亿元、51.6亿元。2020全年，百世快递总包裹量同比增长12.7%，达到85.4亿件，市场份额为10.2%。 注意，百世集团的战略调整是在去年11月，所以衡量成效更应该关注第四季度，尤其是12月的业绩。从财报上看，百世集团自去年11月公布战略调整计划以来，全面优化各业务运营，取得了阶段性的成效。,"http://guba.eastmoney.com/news,gssz,1014497286.html",,,非敏感,,,,,其他,百世快运,股吧,上海
2021/3/18 19:05,乘风东南亚 百世集团全年东南亚快递包裹量增长超七倍,其中，百世快递、百世快运的全年营业收入分别为194.2亿元、51.6亿元。2020全年，百世快递总包裹量同比增长12.7%，达到85.4亿件，市场份额为10.2%。 注意，百世集团的战略调整是在去年11月，所以衡量成效更应该关注第四季度，尤其是12月的业绩。从财报上看，百世集团自去年11月公布战略调整计划以来，全面优化各业务运营，取得了阶段性的成效。,http://mguba.eastmoney.com/mguba/article/0/1014497286,,,非敏感,,,,,其他,百世快运,股吧,上海
2021/3/18 19:05,,若仔细观察，会发现去年安能、百世快运、壹米滴答、中通快运等零担企业都有推出过一定时段的「打折促销」活动，也正是这些时期，各企业的货量峰值记录不断被刷新。从这些企业的促销期的宣传细节来看，促销区域多是新开直发线路区域，尤其是壹米滴答，其每次促销期都会推出几十甚至上百条直发线路。,https://www.china6688.com/s_a15159781630/news-5462518.html,,,非敏感,,,,,其他,"百世快运,壹米",顺发贸易网,河北
2021/3/18 19:05,乘风东南亚 百世集团全年东南亚快递包裹量增长超七倍,其中，百世快递、百世快运的全年营业收入分别为194.2亿元、51.6亿元。2020全年，百世快递总包裹量同比增长12.7%，达到85.4亿件，市场份额为10.2%。 注意，百世集团的战略调整是在去年11月，所以衡量成效更应该关注第四季度，尤其是12月的业绩。从财报上看，百世集团自去年11月公布战略调整计划以来，全面优化各业务运营，取得了阶段性的成效。,http://caifuhao.eastmoney.com/news/20210318190553372117950,,,非敏感,,,,,金融,百世快运,财富号,上海
2021/3/18 19:00,“杭州数字赋能公交公共服务标准化试点”等2个项目获批国家级标准化试点,占浙江省入选9个项目的22%。 杭州数字赋能公交公共服务标准化试点 杭州数字赋能公交公共服务标准化试点项目承担单位为杭州市公共交通集团有限公司，以打造“优服务、优数据、优速度、优智慧、优线网、优政策”六优体系为目标，着力推进特色公交、公交数据云图、公交云调度、云规划等方面建设，建设完善数字赋能公交服务标准化体系，,https://new.qq.com/rain/a/20210318A0C9JE00,,,非敏感,,,,,其他,优速,腾讯新闻企鹅号,广东
2021/3/18 19:00,“杭州数字赋能公交公共服务标准化试点”等2个项目获批国家级标准化试点,占浙江省入选9个项目的22%。 杭州数字赋能公交公共服务标准化试点 杭州数字赋能公交公共服务标准化试点项目承担单位为杭州市公共交通集团有限公司，以打造“优服务、优数据、优速度、优智慧、优线网、优政策”六优体系为目标，着力推进特色公交、公交数据云图、公交云调度、云规划等方面建设，建设完善数字赋能公交服务标准化体系，,https://view.inews.qq.com/a/20210318A0C9JE00,,,非敏感,,,,,其他,优速,腾讯新闻企鹅号,广东
2021/3/18 19:00,“杭州数字赋能公交公共服务标准化试点”等2个项目获批国家级标准化试点,以打造“优服务、优数据、优速度、优智慧、优线网、优政策”六优体系为目标，着力推进特色公交、公交数据云图、公交云调度、云规划等方面建设，建设完善数字赋能公交服务标准化体系，打造杭州公交都市数字化建设样板工程。,https://new.qq.com/omn/20210318/20210318A0C9JE00.html,,,非敏感,,,,,其他,优速,腾讯新闻,广东
2021/3/18 19:00,“杭州数字赋能公交公共服务标准化试点”等2个项目获批国家级标准化试点,杭州数字赋能公交公共服务标准化试点 杭州数字赋能公交公共服务标准化试点项目承担单位为杭州市公共交通集团有限公司，以打造“优服务、优数据、优速度、优智慧、优线网、优政策”六优体系为目标，着力推进特色公交、公交数据云图、公交云调度、云规划等方面建设，建设完善数字赋能公交服务标准化体系，打造杭州公交都市数字化建设样板工程。,http://kuaibao.qq.com/s/20210318A0C9JE00,,,非敏感,,,,,其他,优速,看点快报,广东
2021/3/18 19:00,“杭州数字赋能公交公共服务标准化试点”等2个项目获批国家级标准化试点,占浙江省入选9个项目的22%。 杭州数字赋能公交公共服务标准化试点 杭州数字赋能公交公共服务标准化试点项目承担单位为杭州市公共交通集团有限公司，以打造“优服务、优数据、优速度、优智慧、优线网、优政策”六优体系为目标，着力推进特色公交、公交数据云图、公交云调度、云规划等方面建设，,http://mp.weixin.qq.com/s?src=11&timestamp=1616066858&ver=2954&signature=3GXhX4QEW7EBuajBeTKvQ7TE2mtbPJG0pxXjD6ijDW24bcTj*dkJn47EBuIjLPl3gjpTRhLS3N3vjCOVSH-YHxiX4LEQLP*uAUimNISkuOeGRcTUtwm6m8XUUU*H5K9F&new=1,,,非敏感,,,,,其他,优速,微信,浙江
2021/3/18 19:00,龙湖镇3月18日最新招聘信息！领取你的高薪资！,联系电话：王瑞连15237106512 联系地址：双湖大道国际城小区北门东30米 联系我时，就说在胖兔信息通上看到的，谢谢！ 招聘岗位 站立体式电拖 4500-5500元 企业名称：河南壹米滴答供应链管理有限公司 职位描述：分拨平台分检,http://mp.weixin.qq.com/s?src=11&timestamp=1616065758&ver=2954&signature=Gdetx9Kjj9HGeZoRyznwPsofeDGk-Nc0GXFkAJYJ0bSKYkMbSQ1zMnvAjc1DT-vvOZUihBGSSDxrfD0mZCC40yjzBrUVlKxPHmXq*NjhiPSFn8A3dAUL-4mqSrMwTVp-&new=1,,,非敏感,,,,,其他,壹米,微信,广东
